auction_id,mechanism,risk,sigma,N_potential,delta,kbar,n,win_score,win_b0,win_b2,win_e0,win_e2,epsilon,pay_final,overrun,skipped,scale_s
1,UP,L,0.0837,15,0.984061708305826,0.0678863449678831,15,0.112867939551022,0.0529015121079386,0.0599664274430838,2.22044604925031e-16,0.980085162809923,-0.00265731047395329,0.111514368495893,-0.00135357105512965,0,0.15
1,FP,L,0.0837,15,0.909384242453184,0.0491177189268801,15,0.112833911421218,0.112833911421218,0,2.22044604925031e-16,0.973875795503879,0.0379006689034774,0.112833911421218,0,0,0.15
2,UP,L,0.0837,15,0.984061708305826,0.0678863449678831,15,0.1125010158745,0.0685570105414567,0.0439440053330432,2.22044604925031e-16,0.974113562700792,0.0991510065730283,0.115720554497392,0.00321953862289186,0,0.15
2,FP,L,0.0837,15,0.909384242453184,0.0491177189268801,14,0.113696713207283,0.113696713207283,0,2.22044604925031e-16,0.981484276217635,0.134725764629705,0.113696713207283,0,0,0.15
3,UP,L,0.0837,15,0.984061708305826,0.0678863449678831,15,0.112612296161226,0.0642275413421042,0.0483847548191221,2.22044604925031e-16,0.975768642059803,0.117537867400801,0.117126908744506,0.00451461258327943,0,0.15
3,FP,L,0.0837,15,0.909384242453184,0.0491177189268801,13,0.113667410459377,0.113667410459377,0,2.22044604925031e-16,0.981225873977064,-0.024279230324554,0.113667410459377,0,0,0.15
4,UP,H,0.0995,15,0.983564843996916,0.0676008545325822,14,0.112814218444659,0.0465774926444712,0.0662367258001876,2.22044604925031e-16,0.975159419472896,0.0883668904212284,0.117021993214214,0.00420777476955486,0,0.15
4,FP,H,0.0995,15,0.909384242453184,0.0491177190212174,11,0.113709717079793,0.113709717079793,0,2.22044604925031e-16,0.972867679957942,0.133736258372958,0.113709717079793,0,0,0.15
5,UP,L,0.0837,15,0.984061708305826,0.0678863449678831,15,0.111919950148809,0.0876392765937828,0.0242806735550267,2.22044604925031e-16,0.966784985698822,0.0339420019397249,0.11193760189834,1.76517495301121e-05,0,0.15
5,FP,L,0.0837,15,0.909384242453184,0.0491177189268801,15,0.113361310850588,0.113361310850588,0,2.22044604925031e-16,0.978526584144495,0.00562540216415749,0.113361310850588,0,0,0.15
6,UP,H,0.0995,15,0.983564843996916,0.0676008545325822,15,0.112774751395133,0.0481009427723857,0.064673808622747,2.22044604925031e-16,0.974336241467083,-0.0415596159788025,0.108427159736987,-0.0043475916581462,0,0.15
6,FP,H,0.0995,15,0.909384242453184,0.0491177190212174,13,0.115825503116083,0.115825503116083,0,2.22044604925031e-16,0.991525405540759,0.00262751019418498,0.115825503116083,0,0,0.15
7,UP,L,0.0837,15,0.984061708305826,0.0678863449678831,15,0.113051321727049,0.0429073028252826,0.0701440189017667,2.22044604925031e-16,0.983878378707492,0.0204058428714839,0.113351834246464,0.000300512519415014,0,0.15
7,FP,L,0.0837,15,0.909384242453184,0.0491177189268801,13,0.109796183608662,0.109796183608662,0,2.22044604925031e-16,0.947088070980779,0.0115655533175928,0.109796183608662,0,0,0.15
8,UP,H,0.0995,15,0.983564843996916,0.0676008545325822,15,0.113399300469383,0.00162911980010698,0.111770180669276,2.22044604925031e-16,0.999141585078297,-0.0722439154196499,0.105228639799785,-0.0081706606695981,0,0.15
8,FP,H,0.0995,15,0.909384242453184,0.0491177190212174,11,0.114557712915848,0.114557712915848,0,2.22044604925031e-16,0.980345597327952,0.0561351578119994,0.114557712915848,0,0,0.15
9,UP,H,0.0995,15,0.983564843996916,0.0676008545325822,15,0.11279558104511,0.0473032609029605,0.0654923201421493,2.22044604925031e-16,0.974767346000325,-0.0406203398208422,0.108482715691498,-0.00431286535361229,0,0.15
9,FP,H,0.0995,15,0.909384242453184,0.0491177190212174,12,0.11479900545935,0.11479900545935,0,2.22044604925031e-16,0.982473398530629,0.0592974885895731,0.11479900545935,0,0,0.15
10,UP,L,0.0837,15,0.984061708305826,0.0678863449678831,14,0.113304143135029,0.0225842624142349,0.0907198807207938,2.22044604925031e-16,0.991547058126877,-0.0923739572388474,0.104157138874143,-0.00914700426088547,0,0.15
10,FP,L,0.0837,15,0.909384242453184,0.0491177189268801,15,0.114025481154954,0.114025481154954,0,2.22044604925031e-16,0.984383465126725,0.0250494568567673,0.114025481154954,0,0,0.15
11,UP,L,0.0837,15,0.984061708305826,0.0678863449678831,15,0.112444565766073,0.0706480445939595,0.0417965211721131,2.22044604925031e-16,0.973313189538626,0.0155481509559428,0.111979008548225,-0.000465557217847717,0,0.15
11,FP,L,0.0837,15,0.909384242453184,0.0491177189268801,15,0.112030128314232,0.112030128314232,0,2.22044604925031e-16,0.966787760976842,0.0176492414323789,0.112030128314232,0,0,0.15
12,UP,L,0.0837,15,0.984061708305826,0.0678863449678831,15,0.113217981331335,0.0310709797833137,0.0821470015480211,2.22044604925031e-16,0.988351922843828,-0.0122065548427258,0.111258394839594,-0.00195958649174097,0,0.15
12,FP,L,0.0837,15,0.909384242453184,0.0491177189268801,14,0.113005342983351,0.113005342983351,0,2.22044604925031e-16,0.975387536978125,0.0228181718408802,0.113005342983351,0,0,0.15
13,UP,H,0.0995,15,0.983564843996916,0.0676008545325822,15,0.113184127460683,0.0284150143370548,0.0847691131236287,2.22044604925031e-16,0.984920303709157,-0.0589994844832834,0.106904501005536,-0.00627962645514764,0,0.15
13,FP,H,0.0995,15,0.909384242453184,0.0491177190212174,13,0.113907395551658,0.113907395551658,0,2.22044604925031e-16,0.974610876944237,0.0364605728369086,0.113907395551658,0,0,0.15
14,UP,L,0.0837,15,0.984061708305826,0.0678863449678831,15,0.112668516421986,0.0619206714614432,0.0507478449605425,2.22044604925031e-16,0.976649372154758,-0.0992994546441806,0.106444289051415,-0.00622422737057095,0,0.15
14,FP,L,0.0837,15,0.909384242453184,0.0491177189268801,13,0.112341172052874,0.112341172052874,0,2.22044604925031e-16,0.969530649902456,-0.0336081551292343,0.112341172052874,0,0,0.15
15,UP,H,0.0995,15,0.983564843996916,0.0676008545325822,15,0.112716378842714,0.0502663389763011,0.062450039866413,2.22044604925031e-16,0.973164997362373,-0.0595127102981665,0.1073239607275,-0.0053924181152139,0,0.15
15,FP,H,0.0995,15,0.909384242453184,0.0491177190212174,15,0.112664894672578,0.112664894672578,0,2.22044604925031e-16,0.963654078435248,-0.102688532019283,0.112664894672578,0,0,0.15
16,UP,L,0.0837,15,0.984061708305826,0.0678863449678831,15,0.113205627831684,0.0321017785697822,0.0811038492619019,2.22044604925031e-16,0.987963137161935,-0.0547772034861428,0.107786749867951,-0.00541887796373329,0,0.15
16,FP,L,0.0837,15,0.909384242453184,0.0491177189268801,13,0.113497970747456,0.113497970747456,0,2.22044604925031e-16,0.979731696620016,0.128224504210952,0.113497970747456,0,0,0.15
17,UP,H,0.0995,15,0.983564843996916,0.0676008545325822,14,0.112924460166499,0.0420186497997864,0.0709058103667122,2.22044604925031e-16,0.977618595031218,-0.00494040681315679,0.110987184961413,-0.00193727520508516,0,0.15
17,FP,H,0.0995,15,0.909384242453184,0.0491177190212174,13,0.112212692626975,0.112212692626975,0,2.22044604925031e-16,0.959666406780972,0.0403042221707809,0.112212692626975,0,0,0.15
18,UP,L,0.0837,15,0.984061708305826,0.0678863449678831,15,0.111399632472684,0.101606518675088,0.00979311379759598,2.22044604925031e-16,0.961385432944916,-0.0359512960310152,0.110669400490066,-0.000730231982618124,0,0.15
18,FP,L,0.0837,15,0.909384242453184,0.0491177189268801,13,0.113619299532825,0.113619299532825,0,2.22044604925031e-16,0.98080161536458,-0.0569487797199891,0.113619299532825,0,0,0.15
19,UP,L,0.0837,15,0.984061708305826,0.0678863449678831,15,0.114094297868756,0.0522606130006326,0.061833684868123,0.0334689713677704,0.980781094708768,0.0113945508839857,0.113610489204041,-0.000483808664714175,0,0.15
19,FP,L,0.0837,15,0.909384242453184,0.0491177189268801,14,0.111692203034784,0.111692203034784,0,2.22044604925031e-16,0.963807819482925,-0.10083175736852,0.111692203034784,0,0,0.15
20,UP,L,0.0837,15,0.984061708305826,0.0678863449678831,15,0.112730194152307,0.0592828174738415,0.0534473766784653,2.22044604925031e-16,0.97765549493636,-0.0415063372000974,0.1093175341346,-0.00341266001770724,0,0.15
20,FP,L,0.0837,15,0.909384242453184,0.0491177189268801,14,0.112735218105094,0.112735218105094,0,2.22044604925031e-16,0.973005483353578,-0.0872493238072567,0.112735218105094,0,0,0.15
21,UP,H,0.0995,15,0.983564843996916,0.0676008545325822,15,0.130612803033129,0.0226033885112564,0.108009414521873,0.484400997708314,0.997160814745593,0.0934473154874043,0.140399334130517,0.0097865310973877,0,0.15
21,FP,H,0.0995,15,0.909384242453184,0.0491177190212174,12,0.115585758449987,0.115585758449987,0,2.22044604925031e-16,0.989411255584373,0.0554694888433567,0.115585758449987,0,0,0.15
22,UP,L,0.0837,15,0.984061708305826,0.0678863449678831,14,0.111965281725636,0.0863092029201899,0.0256560788054457,2.22044604925031e-16,0.967297602960251,-0.0637795595150365,0.109489933044962,-0.00247534868067317,0,0.15
22,FP,L,0.0837,15,0.909384242453184,0.0491177189268801,12,0.112757769538496,0.112757769538496,0,2.22044604925031e-16,0.973204349245772,0.00281086351221443,0.112757769538496,0,0,0.15
23,UP,L,0.0837,15,0.984061708305826,0.0678863449678831,15,0.130245866807205,0.0117267446500608,0.118519122157144,0.474001412690571,1.00190791069055,0.142103228444078,0.147313940598291,0.0170680737910865,0,0.15
23,FP,L,0.0837,15,0.909384242453184,0.0491177189268801,13,0.112575546164605,0.112575546164605,0,2.22044604925031e-16,0.971597441018098,-0.0240345323298036,0.112575546164605,0,0,0.15
24,UP,L,0.0837,15,0.984061708305826,0.0678863449678831,15,0.112536965574133,0.0671900452534596,0.045346920320673,2.22044604925031e-16,0.974636432915775,-0.0333666872932166,0.109873729408466,-0.0026632361656667,0,0.15
24,FP,L,0.0837,15,0.909384242453184,0.0491177189268801,15,0.111996207784001,0.111996207784001,0,2.22044604925031e-16,0.966488638131252,0.0344861776150225,0.111996207784001,0,0,0.15
25,UP,L,0.0837,15,0.984061708305826,0.0678863449678831,15,0.11313382234816,0.0375275316637261,0.0756062906844338,2.22044604925031e-16,0.985914182192724,-0.0477881153031954,0.10845576377562,-0.00467805857253954,0,0.15
25,FP,L,0.0837,15,0.909384242453184,0.0491177189268801,14,0.113727886800802,0.113727886800802,0,2.22044604925031e-16,0.981759175633286,0.0530131594573241,0.113727886800802,0,0,0.15
26,UP,H,0.0995,15,0.983564843996916,0.0676008545325822,15,0.113141363706631,0.0310800534410502,0.0820613102655808,2.22044604925031e-16,0.983494122086103,0.234528233851705,0.131032563902076,0.0178912001954453,0,0.15
26,FP,H,0.0995,15,0.909384242453184,0.0491177190212174,14,0.114544252471378,0.114544252471378,0,2.22044604925031e-16,0.980226899539897,0.191362098711775,0.114544252471378,0,0,0.15
27,UP,L,0.0837,15,0.984061708305826,0.0678863449678831,15,0.112063650843086,0.0833461556975835,0.0287174951455027,2.22044604925031e-16,0.968438601120506,-0.082158762304942,0.108797892666326,-0.00326575817675984,0,0.15
27,FP,L,0.0837,15,0.909384242453184,0.0491177189268801,14,0.112860218170689,0.112860218170689,0,2.22044604925031e-16,0.974107776712539,-0.0927796450939837,0.112860218170689,0,0,0.15
28,UP,L,0.0837,15,0.984061708305826,0.0678863449678831,15,0.112857192045845,0.0534277397283725,0.0594294523174729,2.22044604925031e-16,0.979885030726479,-0.096924277135308,0.105901613732119,-0.00695557831372647,0,0.15
28,FP,L,0.0837,15,0.909384242453184,0.0491177189268801,10,0.114705573796312,0.114705573796312,0,2.22044604925031e-16,0.990380753438143,0.0875333932056063,0.114705573796312,0,0,0.15
29,UP,L,0.0837,15,0.984061708305826,0.0678863449678831,15,0.113055118012284,0.0426749767655562,0.0703801412467282,2.22044604925031e-16,0.983966382144878,-0.135952475994917,0.10235831525958,-0.0106968027527042,0,0.15
29,FP,L,0.0837,15,0.909384242453184,0.0491177189268801,14,0.114018183461613,0.114018183461613,0,2.22044604925031e-16,0.984319110929524,-0.0287762383569587,0.114018183461613,0,0,0.15
30,UP,L,0.0837,15,0.984061708305826,0.0678863449678831,15,0.112799999017638,0.0561426607792671,0.0566573382383708,2.22044604925031e-16,0.978851856302313,-0.0162950459040886,0.110678567559647,-0.00212143145799126,0,0.15
30,FP,L,0.0837,15,0.909384242453184,0.0491177189268801,13,0.135046326174771,0.135046326174771,0,0.6064926814678,0.979621824045745,0.111430248362501,0.135046326174771,0,0,0.15
31,UP,L,0.0837,15,0.984061708305826,0.0678863449678831,15,0.1127727055825,0.0573915981540617,0.0553811074284383,2.22044604925031e-16,0.978376201623418,-0.0193972575389595,0.110500914078013,-0.00227179150448659,0,0.15
31,FP,L,0.0837,15,0.909384242453184,0.0491177189268801,11,0.113089084653706,0.113089084653706,0,2.22044604925031e-16,0.976125999377604,0.0969397009533837,0.113089084653706,0,0,0.15
32,UP,L,0.0837,15,0.984061708305826,0.0678863449678831,14,0.113371648967332,0.0123060528460747,0.101065596121257,2.22044604925031e-16,0.995402934272827,0.0703452055737185,0.120016523914787,0.0066448749474549,0,0.15
32,FP,L,0.0837,15,0.909384242453184,0.0491177189268801,15,0.114426494273304,0.114426494273304,0,2.22044604925031e-16,0.987919735984277,-0.107059516417205,0.114426494273304,0,0,0.15
33,UP,H,0.0995,15,0.983564843996916,0.0676008545325822,15,0.113062952570144,0.0354381147175561,0.0776248378525879,2.22044604925031e-16,0.981157461790544,-0.243286915066324,0.0927151962632241,-0.0203477563069199,0,0.15
33,FP,H,0.0995,15,0.909384242453184,0.0491177190212174,15,0.113423590180464,0.113423590180464,0,2.22044604925031e-16,0.970344514934296,-0.087271579721636,0.113423590180464,0,0,0.15
34,UP,H,0.0995,15,0.983564843996916,0.0676008545325822,15,0.118836876705834,0.0443311414676077,0.0745057352382267,0.164142278285906,0.979514651341548,0.140280708244122,0.127762318049893,0.00892544134405808,0,0.15
34,FP,H,0.0995,15,0.909384242453184,0.0491177190212174,13,0.115172119636407,0.115172119636407,0,2.22044604925031e-16,0.985763646542425,-0.0200596013264358,0.115172119636407,0,0,0.15
35,UP,L,0.0837,15,0.984061708305826,0.0678863449678831,15,0.11245224797138,0.0703672805654844,0.0420849674058956,2.22044604925031e-16,0.973420694231069,0.000429228092917074,0.111351722804723,-0.00110052516665668,0,0.15
35,FP,L,0.0837,15,0.909384242453184,0.0491177189268801,13,0.113184494899866,0.113184494899866,0,2.22044604925031e-16,0.976967359333318,0.00433523792328942,0.113184494899866,0,0,0.15
36,UP,L,0.0837,15,0.984061708305826,0.0678863449678831,15,0.11283591820429,0.0544539140005926,0.058382004203697,2.22044604925031e-16,0.979494643977985,0.0891072850154744,0.116841036311167,0.00400511810687788,0,0.15
36,FP,L,0.0837,15,0.909384242453184,0.0491177189268801,14,0.114194735407826,0.114194735407826,0,2.22044604925031e-16,0.985876006406536,0.0510031581247146,0.114194735407826,0,0,0.15
37,UP,L,0.0837,15,0.984061708305826,0.0678863449678831,15,0.111528471952951,0.0983432787750772,0.0131851931778738,2.22044604925031e-16,0.962649670115697,0.081553846774784,0.112111303862293,0.000582831909342399,0,0.15
37,FP,L,0.0837,15,0.909384242453184,0.0491177189268801,10,0.115351465735577,0.115351465735577,0,0.0717781225923082,0.973574577799233,0.0430521578925417,0.115351465735577,0,0,0.15
38,UP,H,0.0995,15,0.983564843996916,0.0676008545325822,15,0.112796481776542,0.0472684512703552,0.065528030506187,2.22044604925031e-16,0.974786154409804,0.0444604227107339,0.114057672069237,0.00126119029269432,0,0.15
38,FP,H,0.0995,15,0.909384242453184,0.0491177190212174,14,0.114879004709448,0.114879004709448,0,2.22044604925031e-16,0.983178859345366,-0.037629540000743,0.114879004709448,0,0,0.15
39,UP,L,0.0837,15,0.984061708305826,0.0678863449678831,14,0.112364700613276,0.0735008069499672,0.0388638936633093,2.22044604925031e-16,0.972220191324539,-0.0308046124047212,0.11008788190209,-0.00227681871118672,0,0.15
39,FP,L,0.0837,15,0.909384242453184,0.0491177189268801,15,0.112333756956428,0.112333756956428,0,2.22044604925031e-16,0.969465262263848,-0.0325670453451429,0.112333756956428,0,0,0.15
40,UP,H,0.0995,15,0.983564843996916,0.0676008545325822,15,0.112595375187818,0.0560081809587847,0.0565871942290328,0.00127645082535333,0.97007707584623,0.166568203187239,0.120327748132965,0.00773237294514734,0,0.15
40,FP,H,0.0995,15,0.909384242453184,0.0491177190212174,15,0.114253621548175,0.114253621548175,0,2.22044604925031e-16,0.977664015427099,0.0818039486280436,0.114253621548175,0,0,0.15
41,UP,H,0.0995,15,0.983564843996916,0.0676008545325822,14,0.112753443988227,0.0489029327643784,0.0638505112238488,2.22044604925031e-16,0.973902616243176,0.074762413525321,0.11586073101767,0.00310728702944235,0,0.15
41,FP,H,0.0995,15,0.909384242453184,0.0491177190212174,15,0.114287018594118,0.114287018594118,0,2.22044604925031e-16,0.977958522000381,-0.0235257763817127,0.114287018594118,0,0,0.15
42,UP,L,0.0837,15,0.984061708305826,0.0678863449678831,15,0.113394654447234,0.010529908107229,0.102864746340005,0.000431445190621549,0.996073482431453,0.0789209689717762,0.121108939667735,0.00771428522050102,0,0.15
42,FP,L,0.0837,15,0.909384242453184,0.0491177189268801,12,0.113612211015861,0.113612211015861,0,2.22044604925031e-16,0.980739106587553,-0.0710794028776258,0.113612211015861,0,0,0.15
43,UP,L,0.0837,15,0.984061708305826,0.0678863449678831,14,0.112936658260672,0.0494003507976785,0.0635363074629937,2.22044604925031e-16,0.981415666760578,0.0231185053760417,0.113224742815635,0.000288084554962431,0,0.15
43,FP,L,0.0837,15,0.909384242453184,0.0491177189268801,13,0.113735321819308,0.113735321819308,0,2.22044604925031e-16,0.981824739586201,-0.0345830233800421,0.113735321819308,0,0,0.15
44,UP,L,0.0837,15,0.984061708305826,0.0678863449678831,14,0.112509638236697,0.0682317462198459,0.0442778920168512,2.22044604925031e-16,0.974238003172012,0.00016212345417168,0.111376129807806,-0.0011335084288909,0,0.15
44,FP,L,0.0837,15,0.909384242453184,0.0491177189268801,13,0.113183780877264,0.113183780877264,0,2.22044604925031e-16,0.976961062837696,0.00158006722153434,0.113183780877264,0,0,0.15
45,UP,L,0.0837,15,0.984061708305826,0.0678863449678831,15,0.112438312104476,0.0708757440246992,0.0415625680797772,2.22044604925031e-16,0.973225994587567,-0.149329166197254,0.105119012045384,-0.00731930005909226,0,0.15
45,FP,L,0.0837,15,0.909384242453184,0.0491177189268801,14,0.122908207792827,0.122908207792827,0,0.285649122269369,0.973165652913928,0.0255322408817456,0.122908207792827,0,0,0.15
46,UP,L,0.0837,15,0.984061708305826,0.0678863449678831,15,0.112299541578279,0.0757454135456585,0.0365541280326207,2.22044604925031e-16,0.971359335419136,-0.0691599249387277,0.108724526307314,-0.00357501527096492,0,0.15
46,FP,L,0.0837,15,0.909384242453184,0.0491177189268801,15,0.11486063313073,0.11486063313073,0,2.22044604925031e-16,0.991748120917949,0.00473051588202654,0.11486063313073,0,0,0.15
47,UP,L,0.0837,15,0.984061708305826,0.0678863449678831,15,0.112135413863028,0.0811127856679508,0.0310226281950773,2.22044604925031e-16,0.969297730450382,-0.051727367889754,0.109578229868491,-0.00255718399453665,0,0.15
47,FP,L,0.0837,15,0.909384242453184,0.0491177189268801,13,0.113564288358461,0.113564288358461,0,2.22044604925031e-16,0.980316508005825,-0.0179665595156312,0.113564288358461,0,0,0.15
48,UP,L,0.0837,15,0.984061708305826,0.0678863449678831,15,0.111681188628274,0.0943202336325427,0.0173609549957311,2.22044604925031e-16,0.964205987853175,-0.081017372450006,0.109653231437299,-0.00202795719097462,0,0.15
48,FP,L,0.0837,15,0.909384242453184,0.0491177189268801,15,0.112508067046343,0.112508067046343,0,2.22044604925031e-16,0.971002388293472,0.0252666130881662,0.112508067046343,0,0,0.15
49,UP,H,0.0995,15,0.983564843996916,0.0676008545325822,15,0.114709943779953,0.00753060205796861,0.107179341721984,0.0371345821980594,0.99672362096338,0.0640981334828454,0.121228779383876,0.00651883560392258,0,0.15
49,FP,H,0.0995,15,0.909384242453184,0.0491177190212174,14,0.115067003364806,0.115067003364806,0,2.22044604925031e-16,0.984836695830875,0.00445239642040078,0.115067003364806,0,0,0.15
50,UP,H,0.0995,15,0.983564843996916,0.0676008545325822,15,0.112860150800158,0.0447365970723341,0.0681235537278242,2.22044604925031e-16,0.976153199100635,-0.0308367018646585,0.109134916261588,-0.00372523453857057,0,0.15
50,FP,H,0.0995,15,0.909384242453184,0.0491177190212174,14,0.11586967356802,0.11586967356802,0,2.22044604925031e-16,0.991914916393736,0.10267121106733,0.11586967356802,0,0,0.15
51,UP,H,0.0995,15,0.983564843996916,0.0676008545325822,15,0.112563905111531,0.055510008149954,0.0570538969615773,2.22044604925031e-16,0.970322885048553,-0.0804600069402505,0.106280153107478,-0.00628375200405358,0,0.15
51,FP,H,0.0995,15,0.909384242453184,0.0491177190212174,13,0.112819093282084,0.112819093282084,0,2.22044604925031e-16,0.96501385521717,0.0690625896333695,0.112819093282084,0,0,0.15
52,UP,L,0.0837,15,0.984061708305826,0.0678863449678831,15,0.113687082323199,0.0191735527473938,0.0945135295758048,0.00994524953704956,0.992960961328341,-0.160926130687233,0.0978121013212919,-0.0158749810019067,0,0.15
52,FP,L,0.0837,15,0.909384242453184,0.0491177189268801,14,0.113080170988724,0.113080170988724,0,2.22044604925031e-16,0.976047395938396,-0.0735968019928762,0.113080170988724,0,0,0.15
53,UP,H,0.0995,15,0.983564843996916,0.0676008545325822,15,0.112781060646888,0.0478607858296549,0.0649202748172333,2.22044604925031e-16,0.974466053560396,-0.07688034277865,0.106132296845628,-0.0066487638012607,0,0.15
53,FP,H,0.0995,15,0.909384242453184,0.0491177190212174,15,0.113960094350184,0.113960094350184,0,2.22044604925031e-16,0.975075592203923,0.0712378776737948,0.113960094350184,0,0,0.15
54,UP,L,0.0837,15,0.984061708305826,0.0678863449678831,15,0.111155158092242,0.107510736895938,0.0036444211963044,2.22044604925031e-16,0.959093798561755,-0.00227975193353376,0.110997770288392,-0.000157387803850717,0,0.15
54,FP,L,0.0837,15,0.909384242453184,0.0491177189268801,13,0.112227664874481,0.112227664874481,0,2.22044604925031e-16,0.968529704763457,-0.0513722110255488,0.112227664874481,0,0,0.15
55,UP,H,0.0995,15,0.983564843996916,0.0676008545325822,15,0.112697430686364,0.050948663228993,0.0617487674573714,2.22044604925031e-16,0.972795641883056,0.165369820734151,0.121228977708154,0.00853154702179004,0,0.15
55,FP,H,0.0995,15,0.909384242453184,0.0491177190212174,14,0.113784350145988,0.113784350145988,0,2.22044604925031e-16,0.973525820751489,0.119799055373898,0.113784350145988,0,0,0.15
56,UP,H,0.0995,15,0.983564843996916,0.0676008545325822,14,0.113141768037087,0.0310559520405231,0.082085815996564,2.22044604925031e-16,0.983507029090423,-0.00447669353891169,0.111420456019659,-0.00172131201742833,0,0.15
56,FP,H,0.0995,15,0.909384242453184,0.0491177190212174,14,0.114345049692832,0.114345049692832,0,2.22044604925031e-16,0.978470261260231,-0.0554664912442934,0.114345049692832,0,0,0.15
57,UP,H,0.0995,15,0.983564843996916,0.0676008545325822,15,0.112263691126559,0.0645514280792642,0.0477122630472951,2.22044604925031e-16,0.965402709054848,-0.0443838110619333,0.108495324011832,-0.00376836711472731,0,0.15
57,FP,H,0.0995,15,0.909384242453184,0.0491177190212174,13,0.115016835395071,0.115016835395071,0,2.22044604925031e-16,0.984394296988803,0.153882080422544,0.115016835395071,0,0,0.15
58,UP,H,0.0995,15,0.983564843996916,0.0676008545325822,15,0.111788514812647,0.0766141791065797,0.0351743357060674,2.22044604925031e-16,0.958799066728336,-0.0575038721126904,0.108316638852256,-0.00347187596039132,0,0.15
58,FP,H,0.0995,15,0.909384242453184,0.0491177190212174,15,0.112648611510537,0.112648611510537,0,2.22044604925031e-16,0.963510487942608,0.103034687975209,0.112648611510537,0,0,0.15
59,UP,H,0.0995,15,0.983564843996916,0.0676008545325822,15,0.112672287482675,0.0518396301522735,0.0608326573304014,2.22044604925031e-16,0.972313132817118,-0.147364636444015,0.102023439347368,-0.0106488481353065,0,0.15
59,FP,H,0.0995,15,0.909384242453184,0.0491177190212174,11,0.135895600429175,0.135895600429175,0,0.546351356352928,0.997233567585344,0.0309364870865313,0.135895600429175,0,0,0.15
60,UP,H,0.0995,15,0.983564843996916,0.0676008545325822,15,0.112610574180415,0.0539615374332533,0.0586490367471616,2.22044604925031e-16,0.971163034486184,0.155398832451696,0.120033305765244,0.00742273158482908,0,0.15
60,FP,H,0.0995,15,0.909384242453184,0.0491177190212174,13,0.112971467677178,0.112971467677178,0,2.22044604925031e-16,0.966357544762149,-0.0462936257481804,0.112971467677178,0,0,0.15
61,UP,L,0.0837,15,0.984061708305826,0.0678863449678831,15,0.112768553922055,0.0575791248340653,0.0551894290879897,2.22044604925031e-16,0.978304762586868,0.102671145460617,0.117237568057077,0.00446901413502225,0,0.15
61,FP,L,0.0837,15,0.909384242453184,0.0491177189268801,13,0.114030368876841,0.114030368876841,0,2.22044604925031e-16,0.984426565495906,0.0337423443178672,0.114030368876841,0,0,0.15
62,UP,L,0.0837,15,0.984061708305826,0.0678863449678831,15,0.113373857957911,0.0118179964926174,0.101555861465293,2.22044604925031e-16,0.995585657494188,0.0241723175089528,0.115380396130164,0.00200653817225366,0,0.15
62,FP,L,0.0837,15,0.909384242453184,0.0491177189268801,14,0.114330674356325,0.114330674356325,0,2.22044604925031e-16,0.987074762571141,0.0566453419965494,0.114330674356325,0,0,0.15
63,UP,H,0.0995,15,0.983564843996916,0.0676008545325822,15,0.113183344886801,0.0284660806803849,0.0847172642064165,2.22044604925031e-16,0.984892995231849,-0.058556398997168,0.106942782847671,-0.00624056203913044,0,0.15
63,FP,H,0.0995,15,0.909384242453184,0.0491177190212174,13,0.116364215788857,0.116364215788857,0,2.22044604925031e-16,0.996275958134601,-0.110550147684361,0.116364215788857,0,0,0.15
64,UP,H,0.0995,15,0.983564843996916,0.0676008545325822,14,0.112800039910346,0.0471306825412015,0.0656693573691442,2.22044604925031e-16,0.974860590321634,-0.0463732152489329,0.108103851787589,-0.00469618812275638,0,0.15
64,FP,H,0.0995,15,0.909384242453184,0.0491177190212174,14,0.113925992091473,0.113925992091473,0,2.22044604925031e-16,0.974774867905216,0.0309026592336666,0.113925992091473,0,0,0.15
65,UP,L,0.0837,15,0.984061708305826,0.0678863449678831,15,0.112985606283793,0.0467419695175599,0.0662436367662331,2.22044604925031e-16,0.982424695723343,0.0287561153224779,0.113726263869464,0.000740657585671281,0,0.15
65,FP,L,0.0837,15,0.909384242453184,0.0491177189268801,15,0.121821209743215,0.121821209743215,0,0.216198891422331,0.985352228184467,-0.121315522675559,0.121821209743215,0,0,0.15
66,UP,L,0.0837,15,0.984061708305826,0.0678863449678831,15,0.112820224107155,0.0551983348708843,0.057621889236271,2.22044604925031e-16,0.979211347071234,0.0313461523277591,0.113428567168136,0.000608343060980787,0,0.15
66,FP,L,0.0837,15,0.909384242453184,0.0491177189268801,14,0.113790088383625,0.113790088383625,0,2.22044604925031e-16,0.982307690476658,0.0917352337593956,0.113790088383625,0,0,0.15
67,UP,H,0.0995,15,0.983564843996916,0.0676008545325822,14,0.112848939284865,0.0451931171511019,0.0676558221337629,2.22044604925031e-16,0.975906848003845,0.0993168196689501,0.117938258365185,0.0050893190803199,0,0.15
67,FP,H,0.0995,15,0.909384242453184,0.0491177190212174,14,0.114339178437739,0.114339178437739,0,2.22044604925031e-16,0.978418486523341,-0.0334947888403752,0.114339178437739,0,0,0.15
68,UP,L,0.0837,15,0.984061708305826,0.0678863449678831,15,0.113875765262512,0.00985050633065578,0.104025258931857,0.0138436819906285,0.996506008617104,-0.0715932796262526,0.106064792453299,-0.00781097280921315,0,0.15
68,FP,L,0.0837,15,0.909384242453184,0.0491177189268801,14,0.114107695670486,0.114107695670486,0,2.22044604925031e-16,0.985108460218227,-0.0951140313299888,0.114107695670486,0,0,0.15
69,UP,L,0.0837,15,0.984061708305826,0.0678863449678831,15,0.112690621967159,0.0609888358210248,0.0517017861461343,2.22044604925031e-16,0.977004908617901,-0.0482584300330038,0.109006687640796,-0.00368393432636265,0,0.15
69,FP,L,0.0837,15,0.909384242453184,0.0491177189268801,14,0.125518997732836,0.125518997732836,0,0.344893801299892,0.977615754546087,-0.10556038444797,0.125518997732836,0,0,0.15
70,UP,L,0.0837,15,0.984061708305826,0.0678863449678831,15,0.112826098717123,0.0549209026662923,0.0579051960508309,2.22044604925031e-16,0.979316936288216,-0.12266388171769,0.104525565738742,-0.00830053297838147,0,0.15
70,FP,L,0.0837,15,0.909384242453184,0.0491177189268801,15,0.113995556406015,0.113995556406015,0,0.0482728810251125,0.968986413369851,-0.0747660053510681,0.113995556406015,0,0,0.15
71,UP,H,0.0995,15,0.983564843996916,0.0676008545325822,14,0.112839349021675,0.0455798592924314,0.0672594897292432,2.22044604925031e-16,0.975698102381811,0.0734462138413227,0.116144770653935,0.00330542163226057,0,0.15
71,FP,H,0.0995,15,0.909384242453184,0.0491177190212174,9,0.114501241439081,0.114501241439081,0,2.22044604925031e-16,0.979847600193448,-0.180043186069033,0.114501241439081,0,0,0.15
72,UP,L,0.0837,15,0.984061708305826,0.0678863449678831,15,0.112109815631402,0.0819167672846545,0.0301930483467477,2.22044604925031e-16,0.968988543794408,-0.0818202140427915,0.108703083556548,-0.00340673207485374,0,0.15
72,FP,L,0.0837,15,0.909384242453184,0.0491177189268801,11,0.112272215654539,0.112272215654539,0,2.22044604925031e-16,0.968922569020369,0.0383884111302129,0.112272215654539,0,0,0.15
73,UP,H,0.0995,15,0.983564843996916,0.0676008545325822,15,0.111833562718459,0.0755581062041719,0.036275456514287,2.22044604925031e-16,0.959379019680516,0.0574863120085933,0.112445360324746,0.000611797606287323,0,0.15
73,FP,H,0.0995,15,0.909384242453184,0.0491177190212174,12,0.115146559605447,0.115146559605447,0,2.22044604925031e-16,0.985538249904527,-0.0223667683896626,0.115146559605447,0,0,0.15
74,UP,L,0.0837,15,0.984061708305826,0.0678863449678831,14,0.11297999128749,0.0470547617208255,0.0659252295666649,2.22044604925031e-16,0.982306024497818,-0.0796771303849477,0.106560778778721,-0.00641921250876909,0,0.15
74,FP,L,0.0837,15,0.909384242453184,0.0491177189268801,14,0.112630043897207,0.112630043897207,0,2.22044604925031e-16,0.972078021192825,0.0639075591108065,0.112630043897207,0,0,0.15
75,UP,L,0.0837,15,0.984061708305826,0.0678863449678831,15,0.112407211530897,0.0719969967785616,0.0404102147523359,2.22044604925031e-16,0.972796509381857,-0.0277203314832781,0.11018772808476,-0.00221948344613751,0,0.15
75,FP,L,0.0837,15,0.909384242453184,0.0491177189268801,13,0.126854589754882,0.126854589754882,0,0.329892973777951,0.994096107285148,0.0568180253157604,0.126854589754882,0,0,0.15
76,UP,H,0.0995,15,0.983564843996916,0.0676008545325822,15,0.113090160698028,0.0339909689500104,0.0790991917480181,2.22044604925031e-16,0.981933994109096,0.0344092588801735,0.114382898800013,0.00129273810198463,0,0.15
76,FP,H,0.0995,15,0.909384242453184,0.0491177190212174,14,0.114581687645843,0.114581687645843,0,2.22044604925031e-16,0.980557015720722,-0.0770375205788919,0.114581687645843,0,0,0.15
77,UP,H,0.0995,15,0.983564843996916,0.0676008545325822,15,0.112573373899854,0.0551995081754628,0.057373865724391,2.22044604925031e-16,0.970491410452136,0.0375460679920528,0.113034515108873,0.000461141209019592,0,0.15
77,FP,H,0.0995,15,0.909384242453184,0.0491177190212174,14,0.114277144535686,0.114277144535686,0,2.22044604925031e-16,0.977871450343452,0.208767443500338,0.114277144535686,0,0,0.15
78,UP,L,0.0837,15,0.984061708305826,0.0678863449678831,14,0.114227651619198,0.0712396806353771,0.0429879709838208,0.0492701657773595,0.973757246109895,0.0732670882328292,0.116249132339456,0.00202148072025854,0,0.15
78,FP,L,0.0837,15,0.909384242453184,0.0491177189268801,14,0.112322159402749,0.112322159402749,0,2.22044604925031e-16,0.96936299034637,0.131888479148053,0.112322159402749,0,0,0.15
79,UP,L,0.0837,15,0.984061708305826,0.0678863449678831,15,0.111605663205556,0.0963320268475155,0.015273636358041,2.22044604925031e-16,0.963428038544449,-0.101606562640334,0.109495174676025,-0.00211048852953136,0,0.15
79,FP,L,0.0837,15,0.909384242453184,0.0491177189268801,14,0.1141888064842,0.1141888064842,0,2.22044604925031e-16,0.985823723129176,-0.107734775814065,0.1141888064842,0,0,0.15
80,UP,L,0.0837,15,0.984061708305826,0.0678863449678831,14,0.113158003266903,0.0357941606738199,0.0773638425930832,2.22044604925031e-16,0.986569226548528,0.0198429205489781,0.113654071605638,0.000496068338735153,0,0.15
80,FP,L,0.0837,15,0.909384242453184,0.0491177189268801,12,0.113667983085059,0.113667983085059,0,2.22044604925031e-16,0.981230923779579,0.139942972543884,0.113667983085059,0,0,0.15
81,UP,L,0.0837,15,0.984061708305826,0.0678863449678831,15,0.112859392046336,0.0533204573757145,0.0595389346706213,2.22044604925031e-16,0.979925835095976,0.0805425771321726,0.116459616891624,0.00360022484528792,0,0.15
81,FP,L,0.0837,15,0.909384242453184,0.0491177189268801,14,0.114742828857999,0.114742828857999,0,2.22044604925031e-16,0.990709281995851,0.0346832857260279,0.114742828857999,0,0,0.15
82,UP,H,0.0995,15,0.983564843996916,0.0676008545325822,14,0.113145186026373,0.0308514405421316,0.082293745484241,2.22044604925031e-16,0.983616544158455,-0.0379290307503664,0.108675608078162,-0.00446957794821101,0,0.15
82,FP,H,0.0995,15,0.909384242453184,0.0491177190212174,14,0.113869156655049,0.113869156655049,0,2.22044604925031e-16,0.974273673574316,0.0244129051917047,0.113869156655049,0,0,0.15
83,UP,H,0.0995,15,0.983564843996916,0.0676008545325822,15,0.113208024507453,0.0268077280860325,0.0864002964214201,2.22044604925031e-16,0.985779437023176,0.0777658336898848,0.11869835473324,0.00549033022578783,0,0.15
83,FP,H,0.0995,15,0.909384242453184,0.0491177190212174,13,0.115432567960352,0.115432567960352,0,2.22044604925031e-16,0.988060368944894,0.198339455120767,0.115432567960352,0,0,0.15
84,UP,L,0.0837,15,0.984061708305826,0.0678863449678831,15,0.112706905148007,0.060292892624576,0.0524140125234309,2.22044604925031e-16,0.977270357317429,0.0593068488745151,0.114624063291424,0.00191715814341666,0,0.15
84,FP,L,0.0837,15,0.909384242453184,0.0491177189268801,13,0.112363612889896,0.112363612889896,0,2.22044604925031e-16,0.969728540882143,-0.0546837755301233,0.112363612889896,0,0,0.15
85,UP,H,0.0995,15,0.983564843996916,0.0676008545325822,15,0.111892993915457,0.0741403238775633,0.0377526700378941,2.22044604925031e-16,0.96015705814607,-0.00576963283841836,0.110170997433518,-0.00172199648193905,0,0.15
85,FP,H,0.0995,15,0.909384242453184,0.0491177190212174,14,0.113840935199158,0.113840935199158,0,2.22044604925031e-16,0.974024807117178,-0.0292694141860812,0.113840935199158,0,0,0.15
86,UP,L,0.0837,15,0.984061708305826,0.0678863449678831,15,0.112928044900129,0.0498530775560944,0.0630749673440348,2.22044604925031e-16,0.981243724048933,0.188203537567778,0.123615925393139,0.0106878804930102,0,0.15
86,FP,L,0.0837,15,0.909384242453184,0.0491177189268801,14,0.131328359087962,0.131328359087962,0,0.412364477070132,1.00769317069282,-0.0787641558201928,0.131328359087962,0,0,0.15
87,UP,L,0.0837,15,0.984061708305826,0.0678863449678831,15,0.111388979025799,0.101871390786498,0.00951758823930129,2.22044604925031e-16,0.961282743823217,-0.0592142263349189,0.110456907499589,-0.00093207152621072,0,0.15
87,FP,L,0.0837,15,0.909384242453184,0.0491177189268801,14,0.113872626542779,0.113872626542779,0,0.014773903718452,0.978404038646731,-0.089277747023154,0.113872626542779,0,0,0.15
88,UP,L,0.0837,15,0.984061708305826,0.0678863449678831,15,0.113095840944892,0.0400960952520886,0.0729997456928031,2.22044604925031e-16,0.984942715815819,0.123508088475809,0.121012722078361,0.00791688113346879,0,0.15
88,FP,L,0.0837,15,0.909384242453184,0.0491177189268801,14,0.113321978724253,0.113321978724253,0,2.22044604925031e-16,0.978179739304504,-0.0186761759979037,0.113321978724253,0,0,0.15
89,UP,L,0.0837,15,0.984061708305826,0.0678863449678831,14,0.112589007278523,0.0651583568188671,0.0474306504596559,2.22044604925031e-16,0.975413044781315,-0.049279502025957,0.109085473164259,-0.00350353411426371,0,0.15
89,FP,L,0.0837,15,0.909384242453184,0.0491177189268801,12,0.11404009664641,0.11404009664641,0,2.22044604925031e-16,0.984512348506299,-0.078037993638668,0.11404009664641,0,0,0.15
90,UP,H,0.0995,15,0.983564843996916,0.0676008545325822,15,0.113275175598083,0.0216465500725417,0.0916286255255413,2.22044604925031e-16,0.988533162932512,0.00406010618427463,0.112596507027617,-0.000678668570466459,0,0.15
90,FP,H,0.0995,15,0.909384242453184,0.0491177190212174,14,0.115006368183723,0.115006368183723,0,2.22044604925031e-16,0.984301994051748,0.016677049387474,0.115006368183723,0,0,0.15
91,UP,L,0.0837,15,0.984061708305826,0.0678863449678831,14,0.11246495261975,0.0699003822917297,0.0425645703280199,2.22044604925031e-16,0.973599443538909,-0.0656951870809608,0.108544936866843,-0.00392001575290693,0,0.15
91,FP,L,0.0837,15,0.909384242453184,0.0491177189268801,13,0.114925830784157,0.114925830784157,0,2.22044604925031e-16,0.992323054997442,-0.0506380573135803,0.114925830784157,0,0,0.15
92,UP,L,0.0837,15,0.984061708305826,0.0678863449678831,15,0.111447162645478,0.100415761870888,0.0110314007745907,2.22044604925031e-16,0.961846945854523,0.184803032513926,0.113064917330446,0.00161775468496742,0,0.15
92,FP,L,0.0837,15,0.909384242453184,0.0491177189268801,14,0.112482631859885,0.112482631859885,0,2.22044604925031e-16,0.970778091395834,0.113158118433877,0.112482631859885,0,0,0.15
93,UP,H,0.0995,15,0.983564843996916,0.0676008545325822,14,0.113095549940627,0.0336967411461774,0.0793988087944495,2.22044604925031e-16,0.982091800400018,0.00982233552204403,0.112453541964765,-0.000642007975862127,0,0.15
93,FP,H,0.0995,15,0.909384242453184,0.0491177190212174,14,0.115058941032968,0.115058941032968,0,2.22044604925031e-16,0.984765599429406,-0.115354570771639,0.115058941032968,0,0,0.15
94,UP,L,0.0837,15,0.984061708305826,0.0678863449678831,15,0.112711168841074,0.0601092840054923,0.0526018848355813,2.22044604925031e-16,0.977340377836925,-0.00863396836829987,0.11106506699585,-0.00164610184522321,0,0.15
94,FP,L,0.0837,15,0.909384242453184,0.0491177189268801,15,0.111792680872714,0.111792680872714,0,2.22044604925031e-16,0.964693868164778,-0.0666639929413424,0.111792680872714,0,0,0.15
95,UP,H,0.0995,15,0.983564843996916,0.0676008545325822,15,0.113073960760912,0.0348600529631192,0.0782139077977924,2.22044604925031e-16,0.981467720983915,0.00829899907127445,0.112273575946839,-0.000800384814072408,0,0.15
95,FP,H,0.0995,15,0.909384242453184,0.0491177190212174,12,0.113930865098616,0.113930865098616,0,2.22044604925031e-16,0.974817839799407,0.0101112298261721,0.113930865098616,0,0,0.15
96,UP,H,0.0995,15,0.983564843996916,0.0676008545325822,15,0.112959978968748,0.0404363957102087,0.0725235832585398,2.22044604925031e-16,0.978470665174265,0.191297360214986,0.125272164492704,0.0123121855239553,0,0.15
96,FP,H,0.0995,15,0.909384242453184,0.0491177190212174,14,0.114834384584258,0.114834384584258,0,2.22044604925031e-16,0.982785383810116,0.0899643706302462,0.114834384584258,0,0,0.15
97,UP,L,0.0837,15,0.984061708305826,0.0678863449678831,15,0.113036400286828,0.043808240213604,0.069228160073224,2.22044604925031e-16,0.983537035641948,0.290260256027383,0.131990883022128,0.0189544827352996,0,0.15
97,FP,L,0.0837,15,0.909384242453184,0.0491177189268801,11,0.113326332853502,0.113326332853502,0,2.22044604925031e-16,0.978218135184769,-0.0153559692561192,0.113326332853502,0,0,0.15
98,UP,L,0.0837,15,0.984061708305826,0.0678863449678831,15,0.11299609508929,0.0461518411212954,0.0668442539679943,2.22044604925031e-16,0.982648547380911,0.00400427483010649,0.112103912947407,-0.000892182141882705,0,0.15
98,FP,L,0.0837,15,0.909384242453184,0.0491177189268801,13,0.112267316212647,0.112267316212647,0,2.22044604925031e-16,0.968879363831305,-0.00238000105941674,0.112267316212647,0,0,0.15
99,UP,H,0.0995,15,0.983564843996916,0.0676008545325822,15,0.113219544225198,0.0259966418839495,0.0872229023412485,2.22044604925031e-16,0.98621269804969,0.130552397119739,0.123404134718028,0.0101845904928297,0,0.15
99,FP,H,0.0995,15,0.909384242453184,0.0491177190212174,15,0.113714280939668,0.113714280939668,0,2.22044604925031e-16,0.97290792547531,0.05346382801451,0.113714280939668,0,0,0.15
100,UP,H,0.0995,15,0.983564843996916,0.0676008545325822,15,0.113266356434584,0.0223937075281578,0.0908726489064257,2.22044604925031e-16,0.988134995112267,0.0867156656064314,0.120068234246488,0.00680187781190424,0,0.15
100,FP,H,0.0995,15,0.909384242453184,0.0491177190212174,13,0.114048201970252,0.114048201970252,0,2.22044604925031e-16,0.975852556112466,-0.0210713394975124,0.114048201970252,0,0,0.15
101,UP,H,0.0995,15,0.983564843996916,0.0676008545325822,15,0.113305057057147,0.0188925421294428,0.0944125149277038,2.22044604925031e-16,0.989999418828572,-0.00774673594205494,0.111629488215243,-0.00167556884190345,0,0.15
101,FP,H,0.0995,15,0.909384242453184,0.0491177190212174,12,0.114377143778741,0.114377143778741,0,2.22044604925031e-16,0.978753277893112,-0.153376997760613,0.114377143778741,0,0,0.15
102,UP,L,0.0837,15,0.984061708305826,0.0678863449678831,15,0.112737116275836,0.0589791441854904,0.0537579720903461,2.22044604925031e-16,0.97777125468746,0.001173330736736,0.11160521988672,-0.00113189638911672,0,0.15
102,FP,L,0.0837,15,0.909384242453184,0.0491177189268801,14,0.11237774408269,0.11237774408269,0,2.22044604925031e-16,0.969853155078276,-0.144520662378997,0.11237774408269,0,0,0.15
103,UP,H,0.0995,15,0.983564843996916,0.0676008545325822,15,0.112459173229872,0.0588302299596004,0.0536289432702713,2.22044604925031e-16,0.968518984886532,-0.106218136723088,0.105074513227665,-0.00738466000220715,0,0.15
103,FP,H,0.0995,15,0.909384242453184,0.0491177190212174,12,0.116242446459905,0.116242446459905,0,2.22044604925031e-16,0.995202155135162,-0.134171023266335,0.116242446459905,0,0,0.15
104,UP,H,0.0995,15,0.983564843996916,0.0676008545325822,15,0.112801573846558,0.047071160233357,0.0657304136132006,2.22044604925031e-16,0.974892748236302,-0.121280793051265,0.103179427112842,-0.00962214673371528,0,0.15
104,FP,H,0.0995,15,0.909384242453184,0.0491177190212174,13,0.117895908436497,0.117895908436497,0,0.107694684312916,0.97602151892452,0.0542627478898591,0.117895908436497,0,0,0.15
105,UP,H,0.0995,15,0.983564843996916,0.0676008545325822,14,0.113240521046583,0.0244491710413135,0.0887913500052692,2.22044604925031e-16,0.98703878892573,0.0162187933651521,0.113529766175943,0.00028924512936071,0,0.15
105,FP,H,0.0995,15,0.909384242453184,0.0491177190212174,12,0.116594221298371,0.116594221298371,0,2.22044604925031e-16,0.998304226016005,-0.122898157007131,0.116594221298371,0,0,0.15
106,UP,H,0.0995,15,0.983564843996916,0.0676008545325822,14,0.123782847541318,0.0222917586327887,0.10149108890853,0.293113809646734,0.993727656317827,-0.186546820639173,0.104213420591912,-0.0195694269494061,0,0.15
106,FP,H,0.0995,15,0.909384242453184,0.0491177190212174,13,0.114251082013286,0.114251082013286,0,2.22044604925031e-16,0.977641621734099,-0.179262573877577,0.114251082013286,0,0,0.15
107,UP,H,0.0995,15,0.983564843996916,0.0676008545325822,15,0.113069503242912,0.0350953061560741,0.0779741970868378,2.22044604925031e-16,0.981341466958517,-0.00100902503541725,0.111535941193207,-0.00153356204970505,0,0.15
107,FP,H,0.0995,15,0.909384242453184,0.0491177190212174,13,0.114180651861464,0.114180651861464,0,2.22044604925031e-16,0.977020544562512,-0.0780671691747788,0.114180651861464,0,0,0.15
108,UP,H,0.0995,15,0.983564843996916,0.0676008545325822,15,0.11884736406665,0.011260398592012,0.107586965474638,0.153481375832396,0.996938313662823,0.0764659452965698,0.126744705541005,0.00789734147435557,0,0.15
108,FP,H,0.0995,15,0.909384242453184,0.0491177190212174,14,0.114826355242526,0.114826355242526,0,2.22044604925031e-16,0.982714578326668,-0.220944709372623,0.114826355242526,0,0,0.15
109,UP,H,0.0995,15,0.983564843996916,0.0676008545325822,15,0.113087094864425,0.0341571871780013,0.0789299076864236,2.22044604925031e-16,0.981844833328058,0.0601082576040054,0.116398448458853,0.00331135359442788,0,0.15
109,FP,H,0.0995,15,0.909384242453184,0.0491177190212174,13,0.11566747062957,0.11566747062957,0,0.0305928509757506,0.980541205044096,0.0790461583318226,0.11566747062957,0,0,0.15
110,UP,L,0.0837,15,0.984061708305826,0.0678863449678831,15,0.110795247819234,0.110795247819234,0,2.22044604925031e-16,0.955936450632292,-0.101155374270711,0.110795247819234,0,0,0.15
110,FP,L,0.0837,15,0.909384242453184,0.0491177189268801,12,0.114791210897596,0.114791210897596,0,2.22044604925031e-16,0.991135931022969,-0.0944993657758673,0.114791210897596,0,0,0.15
111,UP,L,0.0837,15,0.984061708305826,0.0678863449678831,15,0.111538983188008,0.0980719709342285,0.0134670122537796,2.22044604925031e-16,0.962754704848453,-0.0661811933446079,0.110146137400065,-0.00139284578794312,0,0.15
111,FP,L,0.0837,15,0.909384242453184,0.0491177189268801,14,0.113935978764523,0.113935978764523,0,2.22044604925031e-16,0.983594201780018,-0.0870260577589812,0.113935978764523,0,0,0.15
112,UP,H,0.0995,15,0.983564843996916,0.0676008545325822,15,0.112938257535659,0.0414114438162965,0.0715268137193627,2.22044604925031e-16,0.977945673336336,0.0156049288870608,0.11247695266229,-0.000461304873369137,0,0.15
112,FP,H,0.0995,15,0.909384242453184,0.0491177190212174,15,0.113779026925019,0.113779026925019,0,2.22044604925031e-16,0.973478877719166,-0.033214993872881,0.113779026925019,0,0,0.15
113,UP,H,0.0995,15,0.983564843996916,0.0676008545325822,15,0.113396139813883,0.00382474182528274,0.1095713979886,2.22044604925031e-16,0.997983500972229,0.0924628354607744,0.123306471339795,0.0099103315259115,0,0.15
113,FP,H,0.0995,15,0.909384242453184,0.0491177190212174,13,0.113486527763604,0.113486527763604,0,2.22044604925031e-16,0.970899520810016,-0.0732915232827928,0.113486527763604,0,0,0.15
114,UP,H,0.0995,15,0.983564843996916,0.0676008545325822,15,0.112391461036013,0.0608760401605185,0.051515420875495,2.22044604925031e-16,0.967405806801803,-0.155900667987527,0.102681068929163,-0.00971039210685054,0,0.15
114,FP,H,0.0995,15,0.909384242453184,0.0491177190212174,13,0.114750699489968,0.114750699489968,0,2.22044604925031e-16,0.982047419546017,-0.0959913535787201,0.114750699489968,0,0,0.15
115,UP,H,0.0995,15,0.983564843996916,0.0676008545325822,15,0.112286686235667,0.0639063755805312,0.0483803106551358,2.22044604925031e-16,0.965754565253979,0.109138236162782,0.115910023234043,0.00362333699837628,0,0.15
115,FP,H,0.0995,15,0.909384242453184,0.0491177190212174,14,0.115645955609325,0.115645955609325,0,2.22044604925031e-16,0.989942094866293,0.0622121747010794,0.115645955609325,0,0,0.15
116,UP,H,0.0995,15,0.983564843996916,0.0676008545325822,13,0.112812206292872,0.0466564136583712,0.0661557926345009,2.22044604925031e-16,0.975116792516781,0.0136947745627447,0.11207202664468,-0.000740179648191924,0,0.15
116,FP,H,0.0995,15,0.909384242453184,0.0491177190212174,15,0.114486419908264,0.114486419908264,0,2.22044604925031e-16,0.979716910985028,-0.201979725352899,0.114486419908264,0,0,0.15
117,UP,L,0.0837,15,0.984061708305826,0.0678863449678831,15,0.112726623205299,0.0594388472958001,0.053287775909499,2.22044604925031e-16,0.977596011297567,0.0506109820905207,0.114229711148044,0.00150308794274516,0,0.15
117,FP,L,0.0837,15,0.909384242453184,0.0491177189268801,12,0.112310043360891,0.112310043360891,0,2.22044604925031e-16,0.969256146600647,-0.0463724372104431,0.112310043360891,0,0,0.15
118,UP,H,0.0995,15,0.983564843996916,0.0676008545325822,15,0.112802127412951,0.0470496606305854,0.0657524667823661,2.22044604925031e-16,0.974904363492745,0.0571838614332244,0.114912007356501,0.00210987994354987,0,0.15
118,FP,H,0.0995,15,0.909384242453184,0.0491177190212174,15,0.114940400284893,0.114940400284893,0,0.0267552477863289,0.975332707366212,0.0526311247661458,0.114940400284893,0,0,0.15
119,UP,L,0.0837,15,0.984061708305826,0.0678863449678831,15,0.112630782312204,0.0634785961833821,0.0491521861288222,2.22044604925031e-16,0.976054665787132,-0.0625500809110174,0.108379343568745,-0.00425143874345896,0,0.15
119,FP,L,0.0837,15,0.909384242453184,0.0491177189268801,14,0.11169376582569,0.11169376582569,0,2.22044604925031e-16,0.963821600708028,-0.0130249522288957,0.11169376582569,0,0,0.15
120,UP,L,0.0837,15,0.984061708305826,0.0678863449678831,15,0.112326367096771,0.074829837009053,0.0374965300877176,2.22044604925031e-16,0.971710571217096,-0.10145183759909,0.10746151979826,-0.004864847298511,0,0.15
120,FP,L,0.0837,15,0.909384242453184,0.0491177189268801,15,0.113121320750722,0.113121320750722,0,2.22044604925031e-16,0.976410269323832,0.139150614538927,0.113121320750722,0,0,0.15
121,UP,L,0.0837,15,0.984061708305826,0.0678863449678831,15,0.113002076284551,0.0458118280129316,0.0671902482716198,2.22044604925031e-16,0.982777500394825,0.00157475420470173,0.111950700386203,-0.00105137589834889,0,0.15
121,FP,L,0.0837,15,0.909384242453184,0.0491177189268801,14,0.112780765286254,0.112780765286254,0,2.22044604925031e-16,0.973407133985355,0.0954135003881714,0.112780765286254,0,0,0.15
122,UP,H,0.0995,15,0.983564843996916,0.0676008545325822,15,0.112895019904437,0.0432848470654866,0.0696101728389505,2.22044604925031e-16,0.976936191426117,0.0467289037974435,0.114542351273199,0.00164733136876227,0,0.15
122,FP,H,0.0995,15,0.909384242453184,0.0491177190212174,15,0.113686760349274,0.113686760349274,0,2.22044604925031e-16,0.972665239496328,-0.145595761598225,0.113686760349274,0,0,0.15
123,UP,L,0.0837,15,0.984061708305826,0.0678863449678831,14,0.112852000927972,0.0536800069017124,0.0591719940262591,2.22044604925031e-16,0.979789075324147,0.00113923902830612,0.111723491258764,-0.00112850966920736,0,0.15
123,FP,L,0.0837,15,0.909384242453184,0.0491177189268801,13,0.117411201764044,0.117411201764044,0,0.0493360797279637,0.998773437362542,-0.00964847340967607,0.117411201764044,0,0,0.15
124,UP,H,0.0995,15,0.983564843996916,0.0676008545325822,14,0.1128746662393,0.0441382694705471,0.0687363967687533,2.22044604925031e-16,0.976475979424244,0.155986991467116,0.121979693563657,0.00910502732435634,0,0.15
124,FP,H,0.0995,15,0.909384242453184,0.0491177190212174,13,0.116048592540866,0.116048592540866,0,2.22044604925031e-16,0.993492684388184,-0.0898665616431879,0.116048592540866,0,0,0.15
125,UP,H,0.0995,15,0.983564843996916,0.0676008545325822,15,0.113059050365524,0.0356407120267368,0.0774183383387873,2.22044604925031e-16,0.981048699880172,-0.0844489470122887,0.105053975048736,-0.0080050753167884,0,0.15
125,FP,H,0.0995,15,0.909384242453184,0.0491177190212174,14,0.114178251124784,0.114178251124784,0,2.22044604925031e-16,0.976999374399013,-0.112719804696529,0.114178251124784,0,0,0.15
126,UP,L,0.0837,15,0.984061708305826,0.0678863449678831,15,0.11334623383302,0.0169321220593313,0.0964141117736889,2.22044604925031e-16,0.993669313460269,0.0612375661421074,0.118640031860148,0.00529379802712795,0,0.15
126,FP,L,0.0837,15,0.909384242453184,0.0491177189268801,15,0.113777569728864,0.113777569728864,0,2.22044604925031e-16,0.982197297356474,-0.0931264046864469,0.113777569728864,0,0,0.15
127,UP,L,0.0837,15,0.984061708305826,0.0678863449678831,15,0.11302569774838,0.044442920806947,0.0685827769414333,2.22044604925031e-16,0.983296499601032,0.113211238225666,0.119644466404871,0.00661876865649076,0,0.15
127,FP,L,0.0837,15,0.909384242453184,0.0491177189268801,14,0.116612532598727,0.116612532598727,0,0.0371227952223371,0.995559267543085,0.118380320808934,0.116612532598727,0,0,0.15
128,UP,L,0.0837,15,0.984061708305826,0.0678863449678831,15,0.112665305084471,0.0620548363294787,0.0506104687549922,2.22044604925031e-16,0.976598171670935,-0.0183396388357663,0.110552749864738,-0.00211255521973322,0,0.15
128,FP,L,0.0837,15,0.909384242453184,0.0491177189268801,14,0.112615308568509,0.112615308568509,0,2.22044604925031e-16,0.971948080021214,0.077921227088339,0.112615308568509,0,0,0.15
129,UP,L,0.0837,15,0.984061708305826,0.0678863449678831,15,0.11285608244371,0.0534817649683524,0.0593743174753577,2.22044604925031e-16,0.979864481821518,0.111028070937077,0.118252765727345,0.00539668328363448,0,0.15
129,FP,L,0.0837,15,0.909384242453184,0.0491177189268801,14,0.114707299866087,0.114707299866087,0,2.22044604925031e-16,0.990395975188388,-0.00405280413006591,0.114707299866087,0,0,0.15
130,UP,H,0.0995,15,0.983564843996916,0.0676008545325822,15,0.113180134504438,0.0286745983609858,0.0845055361434518,2.22044604925031e-16,0.984781479479664,0.0643993720831134,0.117336188733742,0.004156054229304,0,0.15
130,FP,H,0.0995,15,0.909384242453184,0.0491177190212174,14,0.114580275994346,0.114580275994346,0,2.22044604925031e-16,0.980544567294673,-0.0324858255814128,0.114580275994346,0,0,0.15
131,UP,H,0.0995,15,0.983564843996916,0.0676008545325822,14,0.113144899386707,0.0308686446628709,0.0822762547238362,2.22044604925031e-16,0.983607331892138,-0.148573235186875,0.0995721227064816,-0.0135727766802255,0,0.15
131,FP,H,0.0995,15,0.909384242453184,0.0491177190212174,13,0.113933459704027,0.113933459704027,0,2.22044604925031e-16,0.974840719556296,0.209098924647108,0.113933459704027,0,0,0.15
132,UP,L,0.0837,15,0.984061708305826,0.0678863449678831,15,0.112574232103215,0.0657418047844733,0.0468324273187415,2.22044604925031e-16,0.975190085396708,-0.0567760127592245,0.108753365089778,-0.00382086701343717,0,0.15
132,FP,L,0.0837,15,0.909384242453184,0.0491177189268801,12,0.112278114918554,0.112278114918554,0,2.22044604925031e-16,0.968974590670333,-0.136011454759437,0.112278114918554,0,0,0.15
133,UP,L,0.0837,15,0.984061708305826,0.0678863449678831,14,0.113115408050822,0.0387945508383168,0.074320857212505,2.22044604925031e-16,0.985435097656782,-0.0725154835820086,0.106643519122463,-0.00647188892835861,0,0.15
133,FP,L,0.0837,15,0.909384242453184,0.0491177189268801,14,0.112453623301058,0.112453623301058,0,2.22044604925031e-16,0.970522283995831,-0.0104071483929311,0.112453623301058,0,0,0.15
134,UP,L,0.0837,15,0.984061708305826,0.0678863449678831,15,0.112575885300449,0.0656767900579924,0.0468990952424571,2.22044604925031e-16,0.975214932712414,-0.0386203481787814,0.109602228681605,-0.00297365661884474,0,0.15
134,FP,L,0.0837,15,0.909384242453184,0.0491177189268801,15,0.11362801306239,0.11362801306239,0,2.22044604925031e-16,0.980878455502462,0.0181980487242382,0.11362801306239,0,0,0.15
135,UP,H,0.0995,15,0.983564843996916,0.0676008545325822,15,0.113140550440779,0.0311284727906242,0.0820120776501544,2.22044604925031e-16,0.983468191597416,0.0365198705760229,0.114779812947823,0.00163926250704419,0,0.15
135,FP,H,0.0995,15,0.909384242453184,0.0491177190212174,15,0.113059464656086,0.113059464656086,0,2.22044604925031e-16,0.967133531513463,0.036304242342189,0.113059464656086,0,0,0.15
136,UP,L,0.0837,15,0.984061708305826,0.0678863449678831,15,0.112678065366356,0.0615199396625798,0.051158125703776,2.22044604925031e-16,0.976802284898802,0.101665570998249,0.116692333802043,0.00401426843568707,0,0.15
136,FP,L,0.0837,15,0.909384242453184,0.0491177189268801,14,0.112862589703945,0.112862589703945,0,2.22044604925031e-16,0.974128689704423,-0.10957600052332,0.112862589703945,0,0,0.15
137,UP,H,0.0995,15,0.983564843996916,0.0676008545325822,14,0.113372574664982,0.0101775526386243,0.103195022026357,2.22044604925031e-16,0.994625106474635,0.214690129630625,0.134972865065316,0.0216002904003344,0,0.15
137,FP,H,0.0995,15,0.909384242453184,0.0491177190212174,13,0.114610345211088,0.114610345211088,0,2.22044604925031e-16,0.980809727505532,-0.0470994474851133,0.114610345211088,0,0,0.15
138,UP,H,0.0995,15,0.983564843996916,0.0676008545325822,15,0.113125836678163,0.0319915133627071,0.0811343233154556,2.22044604925031e-16,0.983005884270284,-0.114990742714611,0.102417334500396,-0.0107085021777666,0,0.15
138,FP,H,0.0995,15,0.909384242453184,0.0491177190212174,14,0.113898873327104,0.113898873327104,0,2.22044604925031e-16,0.974535725359334,-0.000769993306692579,0.113898873327104,0,0,0.15
139,UP,H,0.0995,15,0.983564843996916,0.0676008545325822,15,0.11214231234564,0.0678493854816649,0.0442929268639747,2.22044604925031e-16,0.963601767596646,-0.0250290058701672,0.109421520173335,-0.00272079217230504,0,0.15
139,FP,H,0.0995,15,0.909384242453184,0.0491177190212174,14,0.115379774308809,0.115379774308809,0,2.22044604925031e-16,0.987594817059752,0.0270330699951239,0.115379774308809,0,0,0.15
140,UP,L,0.0837,15,0.984061708305826,0.0678863449678831,15,0.11223737608056,0.0778239634695748,0.0344134126109854,2.22044604925031e-16,0.970561484984436,-0.00331044021197416,0.111110372771736,-0.00112700330882397,0,0.15
140,FP,L,0.0837,15,0.909384242453184,0.0491177189268801,15,0.112188748926976,0.112188748926976,0,2.22044604925031e-16,0.968186531830331,-0.118372978412679,0.112188748926976,0,0,0.15
141,UP,H,0.0995,15,0.983564843996916,0.0676008545325822,15,0.119908868981921,0.0548474302763576,0.0650614387055637,0.200399693717075,0.974540403634581,0.0091321132478817,0.118846579439854,-0.00106228954206777,0,0.15
141,FP,H,0.0995,15,0.909384242453184,0.0491177190212174,14,0.113934360783469,0.113934360783469,0,2.22044604925031e-16,0.974848665895505,0.0661421099259831,0.113934360783469,0,0,0.15
142,UP,L,0.0837,15,0.984061708305826,0.0678863449678831,13,0.112404796193029,0.0720833152957899,0.0403214808972388,2.22044604925031e-16,0.972763438033771,0.0705671750559566,0.114151950680992,0.0017471544879631,0,0.15
142,FP,L,0.0837,15,0.909384242453184,0.0491177189268801,15,0.113322367765182,0.113322367765182,0,2.22044604925031e-16,0.97818317069215,0.046487849951367,0.113322367765182,0,0,0.15
143,UP,H,0.0995,15,0.983564843996916,0.0676008545325822,15,0.111234572883248,0.0885138159855293,0.022720756897719,2.22044604925031e-16,0.952239850208957,-0.0086429082929324,0.109953052712234,-0.00128152017101392,0,0.15
143,FP,H,0.0995,15,0.909384242453184,0.0491177190212174,14,0.114907622423937,0.114907622423937,0,2.22044604925031e-16,0.983431220146173,-0.0576451925872636,0.114907622423937,0,0,0.15
144,UP,L,0.0837,15,0.984061708305826,0.0678863449678831,15,0.112355027869327,0.0738385180205157,0.0385165098488116,2.22044604925031e-16,0.972090720436161,-0.021997814447214,0.110432780791325,-0.0019222470780023,0,0.15
144,FP,L,0.0837,15,0.909384242453184,0.0491177189268801,12,0.113516179217668,0.113516179217668,0,2.22044604925031e-16,0.97989226532802,-0.0607979765874129,0.113516179217668,0,0,0.15
145,UP,L,0.0837,15,0.984061708305826,0.0678863449678831,15,0.111295825013011,0.104157008982357,0.00713881603065428,2.22044604925031e-16,0.960396168979339,-0.0116693135766502,0.110929795466418,-0.000366029546593344,0,0.15
145,FP,L,0.0837,15,0.909384242453184,0.0491177189268801,14,0.117523261629816,0.117523261629816,0,0.0602620434483471,0.99633641693589,-0.0262619485968367,0.117523261629816,0,0,0.15
146,UP,H,0.0995,15,0.983564843996916,0.0676008545325822,15,0.131006999669919,0.0139157113066772,0.117091288363242,0.49537518786524,1.00194417684929,0.0154550623216345,0.133044299000983,0.00203729933106345,0,0.15
146,FP,H,0.0995,15,0.909384242453184,0.0491177190212174,13,0.114358526739387,0.114358526739387,0,2.22044604925031e-16,0.978589106083174,0.023565597583646,0.114358526739387,0,0,0.15
147,UP,L,0.0837,15,0.984061708305826,0.0678863449678831,15,0.112955264406681,0.0484075253216935,0.0645477390849874,2.22044604925031e-16,0.981792630065052,-0.108146626701259,0.104799399599462,-0.00815586480721925,0,0.15
147,FP,L,0.0837,15,0.909384242453184,0.0491177189268801,14,0.114149564265031,0.114149564265031,0,2.22044604925031e-16,0.985477671812137,0.068331244144256,0.114149564265031,0,0,0.15
148,UP,L,0.0837,15,0.984061708305826,0.0678863449678831,14,0.112804756716842,0.0559220006650359,0.0568827560518057,2.22044604925031e-16,0.978935870131811,0.0702007422349149,0.11559978265131,0.00279502593446863,0,0.15
148,FP,L,0.0837,15,0.909384242453184,0.0491177189268801,15,0.112228682006966,0.112228682006966,0,2.22044604925031e-16,0.968538675397134,-0.134947745320348,0.112228682006966,0,0,0.15
149,UP,L,0.0837,15,0.984061708305826,0.0678863449678831,15,0.112411310875956,0.0718502483684527,0.0405610625075038,2.22044604925031e-16,0.972852730748704,-0.0207676268063531,0.110467831781922,-0.00194347909403486,0,0.15
149,FP,L,0.0837,15,0.909384242453184,0.0491177189268801,14,0.112567901163374,0.112567901163374,0,2.22044604925031e-16,0.971530025297559,-0.0621920498873323,0.112567901163374,0,0,0.15
150,UP,H,0.0995,15,0.983564843996916,0.0676008545325822,15,0.112383520163102,0.0611112500600136,0.0512722701030885,2.22044604925031e-16,0.967277740919087,-0.0348257615807584,0.108920179802808,-0.00346334036029422,0,0.15
150,FP,H,0.0995,15,0.909384242453184,0.0491177190212174,15,0.112525707744429,0.112525707744429,0,2.22044604925031e-16,0.962426680492884,-0.0577485882872913,0.112525707744429,0,0,0.15
151,UP,H,0.0995,15,0.983564843996916,0.0676008545325822,15,0.112688594146897,0.0512636324375029,0.0614249617093942,2.22044604925031e-16,0.972625095565094,0.0485492798756875,0.113989229347567,0.00130063520067038,0,0.15
151,FP,H,0.0995,15,0.909384242453184,0.0491177190212174,14,0.113473914567468,0.113473914567468,0,2.22044604925031e-16,0.970788293570066,0.0985189885442506,0.113473914567468,0,0,0.15
152,UP,L,0.0837,15,0.984061708305826,0.0678863449678831,15,0.112735102055508,0.0590676745520084,0.0536674275034992,2.22044604925031e-16,0.977737508474748,-0.0261089254051881,0.110139132544152,-0.00259596951135595,0,0.15
152,FP,L,0.0837,15,0.909384242453184,0.0491177189268801,13,0.114472693051171,0.114472693051171,0,2.22044604925031e-16,0.988327131415804,-0.0436312278641472,0.114472693051171,0,0,0.15
153,UP,L,0.0837,15,0.984061708305826,0.0678863449678831,15,0.112396344418745,0.0723845173574557,0.0400118270612897,2.22044604925031e-16,0.97264802921057,-0.0034913771856532,0.111162245713575,-0.00123409870517019,0,0.15
153,FP,L,0.0837,15,0.909384242453184,0.0491177189268801,14,0.114151759653148,0.114151759653148,0,2.22044604925031e-16,0.985497031495803,-0.0685188600634614,0.114151759653148,0,0,0.15
154,UP,L,0.0837,15,0.984061708305826,0.0678863449678831,15,0.11277263122996,0.057394962158436,0.0553776690715242,2.22044604925031e-16,0.978374920138485,0.0201500588711767,0.112690948005684,-8.16832242765131e-05,0,0.15
154,FP,L,0.0837,15,0.909384242453184,0.0491177189268801,13,0.113174537228127,0.113174537228127,0,2.22044604925031e-16,0.976879549176675,-0.125488032650775,0.113174537228127,0,0,0.15
155,UP,L,0.0837,15,0.984061708305826,0.0678863449678831,15,0.112960665165488,0.0481153951622954,0.0648452700031925,2.22044604925031e-16,0.981903520643981,0.177179753896363,0.123276463056048,0.0103157978905606,0,0.15
155,FP,L,0.0837,15,0.909384242453184,0.0491177189268801,13,0.114121966028189,0.114121966028189,0,2.22044604925031e-16,0.985234300518353,0.0104537424108859,0.114121966028189,0,0,0.15
156,UP,L,0.0837,15,0.984061708305826,0.0678863449678831,15,0.112492410808753,0.0688800297821911,0.0436123810265615,2.22044604925031e-16,0.973989965423727,-0.0169054010464551,0.110620766478453,-0.00187164433029927,0,0.15
156,FP,L,0.0837,15,0.909384242453184,0.0491177189268801,15,0.13291554180707,0.13291554180707,0,0.500959588665997,0.993915634966124,-0.0707183383506566,0.13291554180707,0,0,0.15
157,UP,H,0.0995,15,0.983564843996916,0.0676008545325822,15,0.112247018943034,0.0650148938809364,0.0472321250620977,2.22044604925031e-16,0.965149823594969,0.266712429061002,0.123198365857661,0.0109513469146265,0,0.15
157,FP,H,0.0995,15,0.909384242453184,0.0491177190212174,12,0.113488303202025,0.113488303202025,0,2.22044604925031e-16,0.970915177574488,-0.104009896296541,0.113488303202025,0,0,0.15
158,UP,L,0.0837,15,0.984061708305826,0.0678863449678831,15,0.110750400325858,0.110750400325858,0,2.22044604925031e-16,0.955558735984032,0.0672190843733305,0.110750400325858,0,0,0.15
158,FP,L,0.0837,15,0.909384242453184,0.0491177189268801,14,0.112029865225971,0.112029865225971,0,2.22044604925031e-16,0.966785440255018,0.0468968242728755,0.112029865225971,0,0,0.15
159,UP,H,0.0995,15,0.983564843996916,0.0676008545325822,15,0.117645660978193,0,0.117645660978193,0.120288018976529,1.00567543452303,-0.0612739428136463,0.111104737720942,-0.00654092325725071,0,0.15
159,FP,H,0.0995,15,0.909384242453184,0.0491177190212174,14,0.115085597532359,0.115085597532359,0,2.22044604925031e-16,0.985000665564188,-0.0693663898824841,0.115085597532359,0,0,0.15
160,UP,L,0.0837,15,0.984061708305826,0.0678863449678831,15,0.111628215280278,0.0957359797564135,0.0158922355238644,2.22044604925031e-16,0.963658592128718,0.0983797359194283,0.112614143001126,0.000985927720847907,0,0.15
160,FP,L,0.0837,15,0.909384242453184,0.0491177189268801,15,0.112944647528986,0.112944647528986,0,2.22044604925031e-16,0.974852304397216,0.0109368620212608,0.112944647528986,0,0,0.15
161,UP,L,0.0837,15,0.984061708305826,0.0678863449678831,15,0.112625863959189,0.0636787497687613,0.0489471141904274,2.22044604925031e-16,0.975978234920358,-0.033012185568361,0.10983421666409,-0.00279164729509902,0,0.15
161,FP,L,0.0837,15,0.909384242453184,0.0491177189268801,15,0.113692814087116,0.113692814087116,0,2.22044604925031e-16,0.981449893109668,-0.114004390989857,0.113692814087116,0,0,0.15
162,UP,L,0.0837,15,0.984061708305826,0.0678863449678831,15,0.111760774758416,0.0921500198303547,0.0196107549280608,2.22044604925031e-16,0.965044494380413,0.0453173619577204,0.111963978583662,0.000203203825246911,0,0.15
162,FP,L,0.0837,15,0.909384242453184,0.0491177189268801,13,0.113622817421178,0.113622817421178,0,2.22044604925031e-16,0.980832637307797,-0.0118996835179507,0.113622817421178,0,0,0.15
163,UP,H,0.0995,15,0.983564843996916,0.0676008545325822,15,0.11494092541502,0.0149690052141315,0.0999719202008881,0.0446810218188298,0.992927520337942,-0.0564401075737296,0.108591450112131,-0.00634947530288807,0,0.15
163,FP,H,0.0995,15,0.909384242453184,0.0491177190212174,12,0.114016590436838,0.114016590436838,0,2.22044604925031e-16,0.975573795162425,-0.162912363283774,0.114016590436838,0,0,0.15
164,UP,L,0.0837,15,0.984061708305826,0.0678863449678831,14,0.112524842643121,0.0676542218536633,0.0448706207894572,2.22044604925031e-16,0.974458914790672,0.201137640761151,0.120403969099221,0.00787912645610073,0,0.15
164,FP,L,0.0837,15,0.909384242453184,0.0491177189268801,14,0.113021331962741,0.113021331962741,0,2.22044604925031e-16,0.975528533270421,0.0840199928889743,0.113021331962741,0,0,0.15
165,UP,H,0.0995,15,0.983564843996916,0.0676008545325822,14,0.113130263804597,0.0317343708770035,0.0813958929275938,2.22044604925031e-16,0.983143651232481,-0.00123966286948065,0.111657322778976,-0.0014729410256217,0,0.15
165,FP,H,0.0995,15,0.909384242453184,0.0491177190212174,14,0.116001596604234,0.116001596604234,0,2.22044604925031e-16,0.993078258878765,0.257237518470108,0.116001596604234,0,0,0.15
166,UP,H,0.0995,15,0.983564843996916,0.0676008545325822,14,0.111107041257961,0.0910183372050677,0.0200887040528931,2.22044604925031e-16,0.950853565610342,-0.0477909720199512,0.109159694388943,-0.00194734686901767,0,0.15
166,FP,H,0.0995,15,0.909384242453184,0.0491177190212174,13,0.115680986065155,0.115680986065155,0,2.22044604925031e-16,0.990251004758139,-0.000672465107612489,0.115680986065155,0,0,0.15
167,UP,H,0.0995,15,0.983564843996916,0.0676008545325822,14,0.112948308942007,0.0409632309135584,0.0719850780284485,2.22044604925031e-16,0.978187038077561,-0.0224749312943212,0.109760241493083,-0.00318806744892408,0,0.15
167,FP,H,0.0995,15,0.909384242453184,0.0491177190212174,14,0.114019862777651,0.114019862777651,0,2.22044604925031e-16,0.975602651744117,-0.0903959008343184,0.114019862777651,0,0,0.15
168,UP,L,0.0837,15,0.984061708305826,0.0678863449678831,15,0.112001255294641,0.0852381647343141,0.0267630905603271,2.22044604925031e-16,0.967710189239083,0.0247663218660707,0.111799903480019,-0.000201351814622386,0,0.15
168,FP,L,0.0837,15,0.909384242453184,0.0491177189268801,15,0.113895277826912,0.113895277826912,0,2.22044604925031e-16,0.983235287635913,0.08072128096525,0.113895277826912,0,0,0.15
169,UP,L,0.0837,15,0.984061708305826,0.0678863449678831,15,0.112304615927025,0.0755731103105773,0.0367315056164477,2.22044604925031e-16,0.971425444524967,-0.0461399091507073,0.109560241149995,-0.00274437477703025,0,0.15
169,FP,L,0.0837,15,0.909384242453184,0.0491177189268801,11,0.113733574065254,0.113733574065254,0,2.22044604925031e-16,0.981809327536968,0.0881687882064838,0.113733574065254,0,0,0.15
170,UP,H,0.0995,15,0.983564843996916,0.0676008545325822,15,0.112912185049154,0.0425513319401234,0.0703608531090302,2.22044604925031e-16,0.97733156969481,0.0123902512755615,0.112189003604222,-0.000723181444931983,0,0.15
170,FP,H,0.0995,15,0.909384242453184,0.0491177190212174,13,0.114062484075865,0.114062484075865,0,2.22044604925031e-16,0.975978500605525,-0.0225889441149685,0.114062484075865,0,0,0.15
171,UP,L,0.0837,15,0.984061708305826,0.0678863449678831,15,0.113119081345827,0.0385452032028757,0.0745738781429513,2.22044604925031e-16,0.98552939924274,-0.158015882633333,0.100256095352151,-0.0128629859936763,0,0.15
171,FP,L,0.0837,15,0.909384242453184,0.0491177189268801,14,0.113355111206391,0.113355111206391,0,2.22044604925031e-16,0.97847191287082,0.113078333394873,0.113355111206391,0,0,0.15
172,UP,L,0.0837,15,0.984061708305826,0.0678863449678831,14,0.112429194419071,0.0712063654294369,0.0412228289896342,2.22044604925031e-16,0.973099372908658,0.0978622987007293,0.115354435272643,0.00292524085357233,0,0.15
172,FP,L,0.0837,15,0.909384242453184,0.0491177189268801,15,0.113426970252547,0.113426970252547,0,2.22044604925031e-16,0.979105591217476,0.0313463846180428,0.113426970252547,0,0,0.15
173,UP,H,0.0995,15,0.983564843996916,0.0676008545325822,15,0.112970542675693,0.0399533129039557,0.0730172297717374,2.22044604925031e-16,0.978730665485335,0.0187118743295476,0.112783804017724,-0.000186738657968824,0,0.15
173,FP,H,0.0995,15,0.909384242453184,0.0491177190212174,14,0.114909516991692,0.114909516991692,0,2.22044604925031e-16,0.983447927093056,-0.0922300476151068,0.114909516991692,0,0,0.15
174,UP,L,0.0837,15,0.984061708305826,0.0678863449678831,15,0.11230026074756,0.0757210185345604,0.0365792422129993,2.22044604925031e-16,0.971368695542173,0.104657320590469,0.115081234806165,0.00278097405860532,0,0.15
174,FP,L,0.0837,15,0.909384242453184,0.0491177189268801,14,0.114499364016585,0.114499364016585,0,2.22044604925031e-16,0.988562325717726,-0.0079941525704234,0.114499364016585,0,0,0.15
175,UP,L,0.0837,15,0.984061708305826,0.0678863449678831,14,0.112168783502457,0.0800520104444452,0.0321167730580121,2.22044604925031e-16,0.969705521203743,0.238791469027711,0.118865034020999,0.00669625051854217,0,0.15
175,FP,L,0.0837,15,0.909384242453184,0.0491177189268801,14,0.113195939584368,0.113195939584368,0,2.22044604925031e-16,0.977068283034691,-0.0979057356237419,0.113195939584368,0,0,0.15
176,UP,H,0.0995,15,0.983564843996916,0.0676008545325822,15,0.113018569200831,0.0376763955221903,0.0753421736786404,2.22044604925031e-16,0.979955197863976,0.00927874176235971,0.112207430810323,-0.000811138390507324,0,0.15
176,FP,H,0.0995,15,0.909384242453184,0.0491177190212174,15,0.114702599546148,0.114702599546148,0,2.22044604925031e-16,0.981623256964822,-0.0984924140172143,0.114702599546148,0,0,0.15
177,UP,L,0.0837,15,0.984061708305826,0.0678863449678831,15,0.113213330035804,0.031463128271583,0.0817502017642211,2.22044604925031e-16,0.988204034489872,-0.00419047402784612,0.111906435378083,-0.00130689465772094,0,0.15
177,FP,L,0.0837,15,0.909384242453184,0.0491177189268801,10,0.113807480010213,0.113807480010213,0,2.22044604925031e-16,0.982461055123312,-0.15548165460467,0.113807480010213,0,0,0.15
178,UP,H,0.0995,15,0.983564843996916,0.0676008545325822,15,0.112529147046166,0.0566345320672353,0.0558946149789308,2.22044604925031e-16,0.969712298995483,-0.0594087037272203,0.107515601038691,-0.00501354600747483,0,0.15
178,FP,H,0.0995,15,0.909384242453184,0.0491177190212174,14,0.114310739953408,0.114310739953408,0,2.22044604925031e-16,0.978167706235221,0.0128163442618497,0.114310739953408,0,0,0.15
179,UP,L,0.0837,15,0.984061708305826,0.0678863449678831,14,0.111910769950018,0.0879060561566283,0.02400471379339,2.22044604925031e-16,0.966682134748361,0.00171372693127221,0.111152121654951,-0.000758648295067096,0,0.15
179,FP,L,0.0837,15,0.909384242453184,0.0491177189268801,14,0.114553427769864,0.114553427769864,0,2.22044604925031e-16,0.989039078393439,-0.0578902185908949,0.114553427769864,0,0,0.15
180,UP,L,0.0837,15,0.984061708305826,0.0678863449678831,15,0.113247956233275,0.0284118910816325,0.0848360651516423,2.22044604925031e-16,0.989354144130882,0.0295401216976645,0.114850871400098,0.00160291516682298,0,0.15
180,FP,L,0.0837,15,0.909384242453184,0.0491177189268801,15,0.111720600657576,0.111720600657576,0,2.22044604925031e-16,0.964058240155686,0.0567497606462782,0.111720600657576,0,0,0.15
181,UP,H,0.0995,15,0.983564843996916,0.0676008545325822,14,0.11205161410339,0.0702071439084265,0.0418444701949632,2.22044604925031e-16,0.962312181873737,-0.164909051439553,0.10357405543325,-0.00847755867013962,0,0.15
181,FP,H,0.0995,15,0.909384242453184,0.0491177190212174,15,0.116385449977271,0.116385449977271,0,2.22044604925031e-16,0.996463207516774,0.0247615777324352,0.116385449977271,0,0,0.15
182,UP,L,0.0837,15,0.984061708305826,0.0678863449678831,15,0.111336517655165,0.103165192760176,0.00817132489498881,2.22044604925031e-16,0.96078098782911,0.152779027051218,0.112264453431832,0.000927935776666916,0,0.15
182,FP,L,0.0837,15,0.909384242453184,0.0491177189268801,12,0.111505053109656,0.111505053109656,0,2.22044604925031e-16,0.962157467103045,-0.0102443802481623,0.111505053109656,0,0,0.15
183,UP,L,0.0837,15,0.984061708305826,0.0678863449678831,14,0.112966774321399,0.0477827344164807,0.0651840399049185,2.22044604925031e-16,0.982029781103743,0.0417651285154495,0.114517822659551,0.00155104833815138,0,0.15
183,FP,L,0.0837,15,0.909384242453184,0.0491177189268801,14,0.112191984526916,0.112191984526916,0,2.22044604925031e-16,0.968215063737887,0.0773897057330279,0.112191984526916,0,0,0.15
184,UP,L,0.0837,15,0.984061708305826,0.0678863449678831,15,0.112624116895093,0.0637496900992307,0.0488744267958621,2.22044604925031e-16,0.975951144131566,-0.191457379404465,0.102091373175196,-0.0105327437198972,0,0.15
184,FP,L,0.0837,15,0.909384242453184,0.0491177189268801,15,0.115393456609494,0.115393456609494,0,2.22044604925031e-16,0.996446740561343,0.060546027116738,0.115393456609494,0,0,0.15
185,UP,L,0.0837,15,0.984061708305826,0.0678863449678831,15,0.113060699793359,0.042331008588696,0.0707296912046627,2.22044604925031e-16,0.984096660360782,-0.197316669033985,0.0979797144212475,-0.0150809853721112,0,0.15
185,FP,L,0.0837,15,0.909384242453184,0.0491177189268801,15,0.114513109807249,0.114513109807249,0,2.22044604925031e-16,0.988683541389954,-0.00234618065588267,0.114513109807249,0,0,0.15
186,UP,H,0.0995,15,0.983564843996916,0.0676008545325822,15,0.112797947336043,0.0472117563123016,0.0655861910237412,2.22044604925031e-16,0.974816787164725,-0.0145898996908029,0.110189380380299,-0.00260856695574413,0,0.15
186,FP,H,0.0995,15,0.909384242453184,0.0491177190212174,11,0.112405288406158,0.112405288406158,0,2.22044604925031e-16,0.961364781687965,-0.099057268348954,0.112405288406158,0,0,0.15
187,UP,H,0.0995,15,0.983564843996916,0.0676008545325822,13,0.118535668968877,0.0165764709079191,0.101959198060958,0.145432881157812,0.993974206272079,0.0465265672865724,0.122665095361765,0.00412942639288857,0,0.15
187,FP,H,0.0995,15,0.909384242453184,0.0491177190212174,12,0.115671254922967,0.115671254922967,0,2.22044604925031e-16,0.990165192735012,0.0736583808533975,0.115671254922967,0,0,0.15
188,UP,L,0.0837,15,0.984061708305826,0.0678863449678831,15,0.112092773132505,0.0824474767960411,0.0296452963364638,2.22044604925031e-16,0.968784395136863,0.158623372031102,0.115869814145766,0.00377704101326148,0,0.15
188,FP,L,0.0837,15,0.909384242453184,0.0491177189268801,13,0.114624085492134,0.114624085492134,0,2.22044604925031e-16,0.989662161762639,-0.0920708086137929,0.114624085492134,0,0,0.15
189,UP,L,0.0837,15,0.984061708305826,0.0678863449678831,15,0.11280901446893,0.055723762830937,0.0570852516379926,2.22044604925031e-16,0.979011340785141,-0.14684621442089,0.103228118473802,-0.0095808959951274,0,0.15
189,FP,L,0.0837,15,0.909384242453184,0.0491177189268801,13,0.113354058918952,0.113354058918952,0,2.22044604925031e-16,0.978462632873741,0.00464080025787106,0.113354058918952,0,0,0.15
190,UP,L,0.0837,15,0.984061708305826,0.0678863449678831,15,0.113085446880841,0.0407702037948671,0.0723152430859738,2.22044604925031e-16,0.984687599840621,0.0644043258094939,0.116635541417787,0.00355009453694659,0,0.15
190,FP,L,0.0837,15,0.909384242453184,0.0491177189268801,14,0.117906105497474,0.117906105497474,0,0.0904026753485455,0.990263616188294,0.0696922504055833,0.117906105497474,0,0,0.15
191,UP,L,0.0837,15,0.984061708305826,0.0678863449678831,15,0.112953255629132,0.0485157199594314,0.0644375356697007,2.22044604925031e-16,0.981751556953744,0.017945254726031,0.112933718920933,-1.95367081991249e-05,0,0.15
191,FP,L,0.0837,15,0.909384242453184,0.0491177189268801,13,0.111664309533333,0.111664309533333,0,2.22044604925031e-16,0.963561844597955,-0.0273830534780802,0.111664309533333,0,0,0.15
192,UP,L,0.0837,15,0.984061708305826,0.0678863449678831,15,0.113389472278652,0.00750571704363064,0.105883755235021,2.22044604925031e-16,0.997198675222101,0.0307130381641718,0.116344869307034,0.00295539702838223,0,0.15
192,FP,L,0.0837,15,0.909384242453184,0.0491177189268801,15,0.112439356582763,0.112439356582763,0,2.22044604925031e-16,0.970396475910062,0.029682845399341,0.112439356582763,0,0,0.15
193,UP,L,0.0837,15,0.984061708305826,0.0678863449678831,15,0.111138423248559,0.107902345288462,0.00323607796009667,2.22044604925031e-16,0.958941607931827,-0.0309886331193952,0.110905273458259,-0.000233149790300022,0,0.15
193,FP,L,0.0837,15,0.909384242453184,0.0491177189268801,15,0.113129148624091,0.113129148624091,0,2.22044604925031e-16,0.976479298189829,-0.0176834095549166,0.113129148624091,0,0,0.15
194,UP,H,0.0995,15,0.983564843996916,0.0676008545325822,15,0.113024227647604,0.0373987092234498,0.075625518424154,2.22044604925031e-16,0.980104433643028,-0.038273729060398,0.108625144525297,-0.00439908312230633,0,0.15
194,FP,H,0.0995,15,0.909384242453184,0.0491177190212174,13,0.113080440915712,0.113080440915712,0,2.22044604925031e-16,0.96731850806037,-0.125972587277047,0.113080440915712,0,0,0.15
195,UP,H,0.0995,15,0.983564843996916,0.0676008545325822,15,0.112226370544367,0.065584106794616,0.0466422637497514,2.22044604925031e-16,0.964839147593827,0.0066810466267186,0.11089800793166,-0.00132836261270701,0,0.15
195,FP,H,0.0995,15,0.909384242453184,0.0491177190212174,14,0.114502371955107,0.114502371955107,0,2.22044604925031e-16,0.979857582813569,0.053729474520012,0.114502371955107,0,0,0.15
196,UP,L,0.0837,15,0.984061708305826,0.0678863449678831,15,0.112801222466738,0.0560860033366986,0.0567152191300398,2.22044604925031e-16,0.978873428667379,0.0952170401872179,0.117003279643274,0.00420205717653588,0,0.15
196,FP,L,0.0837,15,0.909384242453184,0.0491177189268801,15,0.112766524424603,0.112766524424603,0,2.22044604925031e-16,0.973281553906724,0.0325119751876984,0.112766524424603,0,0,0.15
197,UP,H,0.0995,15,0.983564843996916,0.0676008545325822,15,0.112846408635578,0.0452955022284613,0.0675509064071165,2.22044604925031e-16,0.975851589593555,0.0373855373463398,0.113740588558594,0.000894179923015978,0,0.15
197,FP,H,0.0995,15,0.909384242453184,0.0491177190212174,13,0.114841201955169,0.114841201955169,0,2.22044604925031e-16,0.982845501240796,0.203061969297354,0.114841201955169,0,0,0.15
198,UP,L,0.0837,15,0.984061708305826,0.0678863449678831,15,0.119474011032996,0.00267534312203871,0.116798667910958,0.170918806384538,1.00126669273401,0.0819329784002431,0.129191621792106,0.00971761075911012,0,0.15
198,FP,L,0.0837,15,0.909384242453184,0.0491177189268801,15,0.111406012235146,0.111406012235146,0,2.22044604925031e-16,0.961284091764621,-0.0364614411190536,0.111406012235146,0,0,0.15
199,UP,H,0.0995,15,0.983564843996916,0.0676008545325822,15,0.113265988622505,0.022424318157139,0.0908416704653657,2.22044604925031e-16,0.988118678974916,-0.0906761506327994,0.103949496578398,-0.00931649204410653,0,0.15
199,FP,H,0.0995,15,0.909384242453184,0.0491177190212174,15,0.113903849288613,0.113903849288613,0,2.22044604925031e-16,0.974579604013868,0.164949319391483,0.113903849288613,0,0,0.15
200,UP,H,0.0995,15,0.983564843996916,0.0676008545325822,15,0.113042977251903,0.0364629993834489,0.0765799778684539,2.22044604925031e-16,0.980607141037463,0.114444538197582,0.120322032744082,0.00727905549217911,0,0.15
200,FP,H,0.0995,15,0.909384242453184,0.0491177190212174,14,0.114001004960842,0.114001004960842,0,2.22044604925031e-16,0.975436357061225,0.00326823429649724,0.114001004960842,0,0,0.15
