auction_id,risk,sigma,N_potential,delta,kbar,n,win_score,win_b0,win_b2,win_e0,win_e2,epsilon,pay_final,overrun,skipped,scale_s
1,H,0.0995,10,0.560677050330648,0.0216423268408614,8,0.0749933100476686,0.0749933100476686,0,2.22044604925031e-16,0.962111491019338,0.139515147490612,0.0749933100476686,0,0,0.1
2,L,0.0837,10,0.560677050330648,0.0216423263814932,4,0.0769991650625554,0.0769991650625554,0,2.22044604925031e-16,0.997375230859443,-0.124016215216972,0.0769991650625554,0,0,0.1
3,H,0.0995,10,0.560677050330648,0.0216423268408614,6,0.0766651180405085,0.0766651180405085,0,2.22044604925031e-16,0.98422535341425,0.0894236833603902,0.0766651180405085,0,0,0.1
4,L,0.0837,10,0.560677050330648,0.0216423263814932,5,0.0752424906545639,0.0752424906545639,0,2.22044604925031e-16,0.974138824238844,0.141138552103656,0.0752424906545639,0,0,0.1
5,L,0.0837,10,0.560677050330648,0.0216423263814932,2,0.0751359716271477,0.0751359716271477,0,2.22044604925031e-16,0.972729815016555,-0.0327831726314721,0.0751359716271477,0,0,0.1
6,L,0.0837,10,0.560677050330648,0.0216423263814932,4,0.0926072792669234,0.0926072792669234,0,0.688476650953744,0.987999802025233,-0.138880836639802,0.0926072792669234,0,0,0.1
7,L,0.0837,10,0.560677050330648,0.0216423263814932,5,0.084783045893493,0.084783045893493,0,0.391918467914451,0.977473333970128,0.0168422987195537,0.084783045893493,0,0,0.1
8,L,0.0837,10,0.560677050330648,0.0216423263814932,6,0.0763906394575408,0.0763906394575408,0,2.22044604925031e-16,0.989325950528833,0.136405384428446,0.0763906394575408,0,0,0.1
9,L,0.0837,10,0.560677050330648,0.0216423263814932,5,0.0825104703989029,0.0825104703989029,0,0.175997094450671,1.01510244265458,-0.120813474874904,0.0825104703989029,0,0,0.1
10,H,0.0995,10,0.560677050330648,0.0216423268408614,3,0.0910585819531323,0.0910585819531323,0,0.648778904834911,0.971228049578975,0.144730284734144,0.0910585819531323,0,0,0.1
11,L,0.0837,10,0.560677050330648,0.0216423263814932,5,0.0817653686639693,0.0817653686639693,0,0.19162028869382,1.00034885048987,-0.0334120175811579,0.0817653686639693,0,0,0.1
12,H,0.0995,10,0.560677050330648,0.0216423268408614,7,0.0875195156004914,0.0875195156004914,0,0.421180321084672,0.995765352732133,-0.0149364917792319,0.0875195156004914,0,0,0.1
13,H,0.0995,10,0.560677050330648,0.0216423268408614,6,0.0760732880844164,0.0760732880844164,0,2.22044604925031e-16,0.976396914828169,0.0431721193543874,0.0760732880844164,0,0,0.1
14,H,0.0995,10,0.560677050330648,0.0216423268408614,7,0.0775317583953263,0.0775317583953263,0,2.22044604925031e-16,0.995688849828057,0.114954722451311,0.0775317583953263,0,0,0.1
15,L,0.0837,10,0.560677050330648,0.0216423263814932,6,0.0759756410381432,0.0759756410381432,0,2.22044604925031e-16,0.983836553442601,0.132093534295346,0.0759756410381432,0,0,0.1
16,H,0.0995,10,0.560677050330648,0.0216423268408614,7,0.0776793514012049,0.0776793514012049,0,2.22044604925031e-16,0.99764113826818,-0.00919780549378202,0.0776793514012049,0,0,0.1
17,H,0.0995,10,0.560677050330648,0.0216423268408614,6,0.0748275435275212,0.0748275435275212,0,2.22044604925031e-16,0.95991881219492,-0.0305413716294805,0.0748275435275212,0,0,0.1
18,L,0.0837,10,0.560677050330648,0.0216423263814932,6,0.0765986707202502,0.0765986707202502,0,2.22044604925031e-16,0.992077686810332,-0.0276589446310819,0.0765986707202502,0,0,0.1
19,H,0.0995,10,0.560677050330648,0.0216423268408614,6,0.0781720289469585,0.0781720289469585,0,2.22044604925031e-16,1.00415803739998,-0.0227673998361015,0.0781720289469585,0,0,0.1
20,H,0.0995,10,0.560677050330648,0.0216423268408614,5,0.0766067763748873,0.0766067763748873,0,2.22044604925031e-16,0.983453638189437,0.0369152914711298,0.0766067763748873,0,0,0.1
21,H,0.0995,10,0.560677050330648,0.0216423268408614,5,0.0775301659836565,0.0775301659836565,0,2.22044604925031e-16,0.99566778647759,0.0598589732588525,0.0775301659836565,0,0,0.1
22,L,0.0837,10,0.560677050330648,0.0216423263814932,8,0.0816034686555041,0.0816034686555041,0,0.18972041217327,0.998802875084346,0.0551780952902021,0.0816034686555041,0,0,0.1
23,L,0.0837,10,0.560677050330648,0.0216423263814932,2,0.0926474554474376,0.0926474554474376,0,0.682317379686105,0.990462115568529,-0.0615143040449121,0.0926474554474376,0,0,0.1
24,L,0.0837,10,0.560677050330648,0.0216423263814932,7,0.0760255137727955,0.0760255137727955,0,2.22044604925031e-16,0.984496246008337,0.0539073522352758,0.0760255137727955,0,0,0.1
25,H,0.0995,10,0.560677050330648,0.0216423268408614,6,0.0771471933077598,0.0771471933077598,0,2.22044604925031e-16,0.990602010399806,-0.09072389840144,0.0771471933077598,0,0,0.1
26,H,0.0995,10,0.560677050330648,0.0216423268408614,9,0.0755516756889023,0.0755516756889023,0,2.22044604925031e-16,0.969497279974976,-0.253847038345446,0.0755516756889023,0,0,0.1
27,H,0.0995,10,0.560677050330648,0.0216423268408614,3,0.109556043717501,0.109556043717501,0,1.38018853687444,0.986612355064688,0.0707649268333332,0.109556043717501,0,0,0.1
28,H,0.0995,10,0.560677050330648,0.0216423268408614,8,0.0858303769764157,0.0858303769764157,0,0.333677438447857,1.00085370932259,0.0748470926869607,0.0858303769764157,0,0,0.1
29,L,0.0837,10,0.560677050330648,0.0216423263814932,5,0.0765181873694829,0.0765181873694829,0,2.22044604925031e-16,0.991013121106759,-0.017076932470784,0.0765181873694829,0,0,0.1
30,L,0.0837,10,0.560677050330648,0.0216423263814932,6,0.0761389062081341,0.0761389062081341,0,2.22044604925031e-16,0.985996145639878,0.0448899557495229,0.0761389062081341,0,0,0.1
31,H,0.0995,10,0.560677050330648,0.0216423268408614,5,0.085484258674063,0.085484258674063,0,0.337208100589466,0.995168589727649,-0.00162124256053344,0.085484258674063,0,0,0.1
32,H,0.0995,10,0.560677050330648,0.0216423268408614,5,0.0770544566878979,0.0770544566878979,0,2.22044604925031e-16,0.989375335463246,0.057737279454826,0.0770544566878979,0,0,0.1
33,H,0.0995,10,0.560677050330648,0.0216423268408614,5,0.0757362025263617,0.0757362025263617,0,2.22044604925031e-16,0.971938111069116,0.00714989220944808,0.0757362025263617,0,0,0.1
34,H,0.0995,10,0.560677050330648,0.0216423268408614,3,0.0957972092493301,0.0957972092493301,0,0.743520004181953,1.00420772210355,0.103537730020447,0.0957972092493301,0,0,0.1
35,H,0.0995,10,0.560677050330648,0.0216423268408614,7,0.0860060007014476,0.0860060007014476,0,0.328204977309581,1.00489234666643,0.0274165202734617,0.0860060007014476,0,0,0.1
36,H,0.0995,10,0.560677050330648,0.0216423268408614,5,0.0957401543474559,0.0957401543474559,0,0.788553621362616,0.989335348131769,-0.0176926116669011,0.0957401543474559,0,0,0.1
37,H,0.0995,10,0.560677050330648,0.0216423268408614,8,0.0751584106975302,0.0751584106975302,0,2.22044604925031e-16,0.964295362055183,0.0620465186367469,0.0751584106975302,0,0,0.1
38,L,0.0837,10,0.560677050330648,0.0216423263814932,5,0.0880918351333935,0.0880918351333935,0,0.455238591358052,1.00139004615337,-0.206254443616279,0.0880918351333935,0,0,0.1
39,H,0.0995,10,0.560677050330648,0.0216423268408614,7,0.0762887169201732,0.0762887169201732,0,2.22044604925031e-16,0.979246502253123,-0.14330578146898,0.0762887169201732,0,0,0.1
40,H,0.0995,10,0.560677050330648,0.0216423268408614,7,0.0763679791997868,0.0763679791997868,0,2.22044604925031e-16,0.98029494510631,-0.0073537303823473,0.0763679791997868,0,0,0.1
41,L,0.0837,10,0.560677050330648,0.0216423263814932,5,0.0756096789149089,0.0756096789149089,0,2.22044604925031e-16,0.978995812295941,0.10021694079462,0.0756096789149089,0,0,0.1
42,L,0.0837,10,0.560677050330648,0.0216423263814932,6,0.10075137625167,0.10075137625167,0,1.03303686357586,0.987709061344549,-0.108761865107483,0.10075137625167,0,0,0.1
43,L,0.0837,10,0.560677050330648,0.0216423263814932,3,0.075967634557849,0.075967634557849,0,2.22044604925031e-16,0.983730647433262,0.152751900398851,0.075967634557849,0,0,0.1
44,L,0.0837,10,0.560677050330648,0.0216423263814932,7,0.075464255576175,0.075464255576175,0,2.22044604925031e-16,0.977072195755025,0.028004287075693,0.075464255576175,0,0,0.1
45,L,0.0837,10,0.560677050330648,0.0216423263814932,4,0.0743587797549218,0.0743587797549218,0,2.22044604925031e-16,0.962449499274614,-0.0481736304949629,0.0743587797549218,0,0,0.1
46,L,0.0837,10,0.560677050330648,0.0216423263814932,7,0.0763602794478591,0.0763602794478591,0,2.22044604925031e-16,0.98892436342369,0.0396897279482137,0.0763602794478591,0,0,0.1
47,L,0.0837,10,0.560677050330648,0.0216423263814932,5,0.108442018405525,0.108442018405525,0,1.32921687617414,0.996586885446579,-0.0348672780390862,0.108442018405525,0,0,0.1
48,H,0.0995,10,0.560677050330648,0.0216423268408614,7,0.075454761074318,0.075454761074318,0,2.22044604925031e-16,0.968215340259718,0.0843679019787471,0.075454761074318,0,0,0.1
49,H,0.0995,10,0.560677050330648,0.0216423268408614,6,0.0887856625293762,0.0887856625293762,0,0.488001035327198,0.991565565316813,0.0920434268654267,0.0887856625293762,0,0,0.1
50,L,0.0837,10,0.560677050330648,0.0216423263814932,6,0.0761905407026615,0.0761905407026615,0,2.22044604925031e-16,0.986679141599761,0.0555616942994256,0.0761905407026615,0,0,0.1
51,L,0.0837,10,0.560677050330648,0.0216423263814932,4,0.0868101676079453,0.0868101676079453,0,0.41334545994296,0.997569875649695,-0.0151224362033068,0.0868101676079453,0,0,0.1
52,L,0.0837,10,0.560677050330648,0.0216423263814932,4,0.075572145265439,0.075572145265439,0,2.22044604925031e-16,0.978499307615793,0.0117220129963486,0.075572145265439,0,0,0.1
53,L,0.0837,10,0.560677050330648,0.0216423263814932,3,0.0785306586234341,0.0785306586234341,0,0.173598094053696,0.963211457440042,-0.119982781705312,0.0785306586234341,0,0,0.1
54,L,0.0837,10,0.560677050330648,0.0216423263814932,2,0.0745341770803443,0.0745341770803443,0,2.22044604925031e-16,0.964769569688467,-0.070213021922379,0.0745341770803443,0,0,0.1
55,L,0.0837,10,0.560677050330648,0.0216423263814932,6,0.0938987224587747,0.0938987224587747,0,0.713059032081046,0.997376002443978,0.0353528070529206,0.0938987224587747,0,0,0.1
56,H,0.0995,10,0.560677050330648,0.0216423268408614,5,0.0763562313121401,0.0763562313121401,0,2.22044604925031e-16,0.980139550051154,0.000869889211410601,0.0763562313121401,0,0,0.1
57,L,0.0837,10,0.560677050330648,0.0216423263814932,5,0.0753548490767282,0.0753548490767282,0,2.22044604925031e-16,0.975625046901547,-0.0548354275582177,0.0753548490767282,0,0,0.1
58,L,0.0837,10,0.560677050330648,0.0216423263814932,6,0.0744581877415393,0.0744581877415393,0,2.22044604925031e-16,0.963764419876724,0.00638147347071005,0.0744581877415393,0,0,0.1
59,H,0.0995,10,0.560677050330648,0.0216423268408614,4,0.0815660214635595,0.0815660214635595,0,0.158884120722315,0.999243206995301,-0.0671041125790119,0.0815660214635595,0,0,0.1
60,H,0.0995,10,0.560677050330648,0.0216423268408614,7,0.0756180112093591,0.0756180112093591,0,2.22044604925031e-16,0.970374733582427,-0.0936640974941638,0.0756180112093591,0,0,0.1
61,L,0.0837,10,0.560677050330648,0.0216423263814932,7,0.0758426695171954,0.0758426695171954,0,2.22044604925031e-16,0.982077671187813,0.023645471806744,0.0758426695171954,0,0,0.1
62,L,0.0837,10,0.560677050330648,0.0216423263814932,6,0.0750044342341133,0.0750044342341133,0,2.22044604925031e-16,0.970989902586969,-0.108435330605133,0.0750044342341133,0,0,0.1
63,H,0.0995,10,0.560677050330648,0.0216423268408614,4,0.0776169454238876,0.0776169454238876,0,2.22044604925031e-16,0.996815662285558,-0.0642614325878939,0.0776169454238876,0,0,0.1
64,H,0.0995,10,0.560677050330648,0.0216423268408614,5,0.0951154588343111,0.0951154588343111,0,0.73328042879733,0.998399887029569,0.059114928108805,0.0951154588343111,0,0,0.1
65,L,0.0837,10,0.560677050330648,0.0216423263814932,4,0.0871897365541405,0.0871897365541405,0,0.459514041485573,0.988117145012157,-0.164901574599199,0.0871897365541405,0,0,0.1
66,H,0.0995,10,0.560677050330648,0.0216423268408614,4,0.0852462374418038,0.0852462374418038,0,0.360612351197516,0.984683113324998,0.0478152929690796,0.0852462374418038,0,0,0.1
67,L,0.0837,10,0.560677050330648,0.0216423263814932,7,0.0786462859598315,0.0786462859598315,0,0.024128885409291,1.011598330861,0.0319804609515765,0.0786462859598315,0,0,0.1
68,L,0.0837,10,0.560677050330648,0.0216423263814932,7,0.0774769183298959,0.0774769183298959,0,2.22044604925031e-16,1.00369471907495,-0.0488309174090351,0.0774769183298959,0,0,0.1
69,L,0.0837,10,0.560677050330648,0.0216423263814932,4,0.0772810912432947,0.0772810912432947,0,2.22044604925031e-16,1.00110441314466,0.0255056858172195,0.0772810912432947,0,0,0.1
70,H,0.0995,10,0.560677050330648,0.0216423268408614,8,0.0773276389073078,0.0773276389073078,0,2.22044604925031e-16,0.992988856979969,0.0334537303665082,0.0773276389073078,0,0,0.1
71,L,0.0837,10,0.560677050330648,0.0216423263814932,3,0.0928152199236356,0.0928152199236356,0,0.697107859775248,0.988044524273402,0.0698667372323661,0.0928152199236356,0,0,0.1
72,H,0.0995,10,0.560677050330648,0.0216423268408614,6,0.0824537536154508,0.0824537536154508,0,0.216331792887965,0.992976307146371,0.154677425337945,0.0824537536154508,0,0,0.1
73,L,0.0837,10,0.560677050330648,0.0216423263814932,4,0.0928357251289357,0.0928357251289357,0,0.666258184834228,0.99798688547723,0.0795033872607365,0.0928357251289357,0,0,0.1
74,L,0.0837,10,0.560677050330648,0.0216423263814932,7,0.0909952886786386,0.0909952886786386,0,0.59821472368414,0.994973575708666,-0.149855852368893,0.0909952886786386,0,0,0.1
75,L,0.0837,10,0.560677050330648,0.0216423263814932,5,0.0772767980769727,0.0772767980769727,0,2.22044604925031e-16,1.00104765530293,0.0201803848935711,0.0772767980769727,0,0,0.1
76,H,0.0995,10,0.560677050330648,0.0216423268408614,6,0.079655645296141,0.079655645296141,0,0.130373255011581,0.982911611595069,-0.138388042296782,0.079655645296141,0,0,0.1
77,L,0.0837,10,0.560677050330648,0.0216423263814932,6,0.0770358785083959,0.0770358785083959,0,2.22044604925031e-16,0.997860858616318,-0.00694248710250099,0.0770358785083959,0,0,0.1
78,L,0.0837,10,0.560677050330648,0.0216423263814932,3,0.0755297266551052,0.0755297266551052,0,2.22044604925031e-16,0.977938214857284,0.0714086370421121,0.0755297266551052,0,0,0.1
79,L,0.0837,10,0.560677050330648,0.0216423263814932,6,0.0842893574161725,0.0842893574161725,0,0.315392010518211,0.994933454817927,-0.05402785935033,0.0842893574161725,0,0,0.1
80,H,0.0995,10,0.560677050330648,0.0216423268408614,7,0.0812006484081506,0.0812006484081506,0,0.16750358236444,0.991708097404219,0.0779760334092789,0.0812006484081506,0,0,0.1
81,L,0.0837,10,0.560677050330648,0.0216423263814932,7,0.0748560112462385,0.0748560112462385,0,2.22044604925031e-16,0.969026635800194,-0.0480416314970153,0.0748560112462385,0,0,0.1
82,H,0.0995,10,0.560677050330648,0.0216423268408614,9,0.0856346581561705,0.0856346581561705,0,0.287882681657847,1.01262112780323,0.174744434235654,0.0856346581561705,0,0,0.1
83,L,0.0837,10,0.560677050330648,0.0216423263814932,4,0.0768834280653766,0.0768834280653766,0,2.22044604925031e-16,0.995844318198228,-0.061367263357898,0.0768834280653766,0,0,0.1
84,L,0.0837,10,0.560677050330648,0.0216423263814932,4,0.103583950191424,0.103583950191424,0,1.12671089560325,0.995810904032588,-0.0101586282378912,0.103583950191424,0,0,0.1
85,L,0.0837,10,0.560677050330648,0.0216423263814932,7,0.0738105474633711,0.0738105474633711,0,2.22044604925031e-16,0.955197749727446,0.049536050045976,0.0738105474633711,0,0,0.1
86,H,0.0995,10,0.560677050330648,0.0216423268408614,7,0.0929270927043687,0.0929270927043687,0,0.646920785904013,0.996526306941418,-0.165704473906909,0.0929270927043687,0,0,0.1
87,L,0.0837,10,0.560677050330648,0.0216423263814932,4,0.0976642702573229,0.0976642702573229,0,0.864943140308049,0.999570373286157,-0.0119432005107337,0.0976642702573229,0,0,0.1
88,L,0.0837,10,0.560677050330648,0.0216423263814932,5,0.0869960562154243,0.0869960562154243,0,0.4504598137942,0.988393718123085,-0.113400059175557,0.0869960562154243,0,0,0.1
89,L,0.0837,10,0.560677050330648,0.0216423263814932,7,0.0767024345945793,0.0767024345945793,0,2.22044604925031e-16,0.993450225173768,0.0789825553292863,0.0767024345945793,0,0,0.1
90,H,0.0995,10,0.560677050330648,0.0216423268408614,1,0.0861647312733445,0.0861647312733445,0,0.399198690132882,0.984735991440201,0.125894494471943,0.0861647312733445,0,0,0.1
91,L,0.0837,10,0.560677050330648,0.0216423263814932,6,0.0875620153450872,0.0875620153450872,0,0.473926185194596,0.988523375243276,-0.057251754848449,0.0875620153450872,0,0,0.1
92,L,0.0837,10,0.560677050330648,0.0216423263814932,7,0.0739939766908236,0.0739939766908236,0,2.22044604925031e-16,0.957624062269245,-0.109138945067286,0.0739939766908236,0,0,0.1
93,L,0.0837,10,0.560677050330648,0.0216423263814932,6,0.0861881624887919,0.0861881624887919,0,0.401201583441426,0.993149303939323,-0.111844970874557,0.0861881624887919,0,0,0.1
94,L,0.0837,10,0.560677050330648,0.0216423263814932,7,0.0895164158794593,0.0895164158794593,0,0.577378938961816,0.981943618500656,-0.100843445904028,0.0895164158794593,0,0,0.1
95,H,0.0995,10,0.560677050330648,0.0216423268408614,5,0.0850373004919187,0.0850373004919187,0,0.323868585271508,0.993438276628519,-0.049037882519851,0.0850373004919187,0,0,0.1
96,H,0.0995,10,0.560677050330648,0.0216423268408614,6,0.0759773362906313,0.0759773362906313,0,2.22044604925031e-16,0.975127711204512,0.147638992099912,0.0759773362906313,0,0,0.1
97,H,0.0995,10,0.560677050330648,0.0216423268408614,6,0.0765765489365031,0.0765765489365031,0,2.22044604925031e-16,0.983053804417436,-0.0455768385982248,0.0765765489365031,0,0,0.1
98,H,0.0995,10,0.560677050330648,0.0216423268408614,7,0.0784599242829155,0.0784599242829155,0,2.22044604925031e-16,1.00796617640031,0.0250743563622774,0.0784599242829155,0,0,0.1
99,L,0.0837,10,0.560677050330648,0.0216423263814932,8,0.0733949452461125,0.0733949452461125,0,2.22044604925031e-16,0.949700365947338,0.122952579852679,0.0733949452461125,0,0,0.1
100,H,0.0995,10,0.560677050330648,0.0216423268408614,7,0.0770164081033619,0.0770164081033619,0,2.22044604925031e-16,0.988872047015553,-0.183021323384469,0.0770164081033619,0,0,0.1
101,H,0.0995,10,0.560677050330648,0.0216423268408614,8,0.0774654622689214,0.0774654622689214,0,2.22044604925031e-16,0.994811917325087,0.19735819933896,0.0774654622689214,0,0,0.1
102,H,0.0995,10,0.560677050330648,0.0216423268408614,7,0.0769941748454382,0.0769941748454382,0,2.22044604925031e-16,0.98857795630191,0.137391178625478,0.0769941748454382,0,0,0.1
103,L,0.0837,10,0.560677050330648,0.0216423263814932,6,0.0752155840279313,0.0752155840279313,0,2.22044604925031e-16,0.973782889279434,-0.15495219561282,0.0752155840279313,0,0,0.1
104,L,0.0837,10,0.560677050330648,0.0216423263814932,4,0.097209168571253,0.097209168571253,0,0.848379139155824,0.998743192623649,-0.0450098325950964,0.097209168571253,0,0,0.1
105,H,0.0995,10,0.560677050330648,0.0216423268408614,6,0.0921990144639269,0.0921990144639269,0,0.597978465046818,1.0022386716434,0.0428538757670113,0.0921990144639269,0,0,0.1
106,H,0.0995,10,0.560677050330648,0.0216423268408614,2,0.085680543155225,0.085680543155225,0,0.361400240796884,0.990180900582313,0.0113270278034525,0.085680543155225,0,0,0.1
107,L,0.0837,10,0.560677050330648,0.0216423263814932,6,0.076443565744281,0.076443565744281,0,2.22044604925031e-16,0.990026033687341,0.0912326231065503,0.076443565744281,0,0,0.1
108,L,0.0837,10,0.560677050330648,0.0216423263814932,5,0.0760192713666254,0.0760192713666254,0,2.22044604925031e-16,0.984413702414924,-0.0161912197325236,0.0760192713666254,0,0,0.1
109,H,0.0995,10,0.560677050330648,0.0216423268408614,8,0.0774589349568403,0.0774589349568403,0,2.22044604925031e-16,0.994725577217893,-0.0881263827568765,0.0774589349568403,0,0,0.1
110,L,0.0837,10,0.560677050330648,0.0216423263814932,7,0.0765078384550528,0.0765078384550528,0,2.22044604925031e-16,0.99087620215221,0.0190194393698495,0.0765078384550528,0,0,0.1
111,L,0.0837,10,0.560677050330648,0.0216423263814932,7,0.0741033142270611,0.0741033142270611,0,2.22044604925031e-16,0.959070325981771,-0.0112772058781339,0.0741033142270611,0,0,0.1
112,H,0.0995,10,0.560677050330648,0.0216423268408614,3,0.08013974817303,0.08013974817303,0,0.135522899436431,0.987700715539258,-0.0863953214274533,0.08013974817303,0,0,0.1
113,L,0.0837,10,0.560677050330648,0.0216423263814932,5,0.0744667426376399,0.0744667426376399,0,2.22044604925031e-16,0.963877606104451,0.0162556310263625,0.0744667426376399,0,0,0.1
114,H,0.0995,10,0.560677050330648,0.0216423268408614,7,0.0767712850136938,0.0767712850136938,0,2.22044604925031e-16,0.985629678100641,-0.115720005685343,0.0767712850136938,0,0,0.1
115,H,0.0995,10,0.560677050330648,0.0216423268408614,7,0.0759359977433542,0.0759359977433542,0,2.22044604925031e-16,0.974580904671209,-0.171341427760464,0.0759359977433542,0,0,0.1
116,L,0.0837,10,0.560677050330648,0.0216423263814932,4,0.0912851109839375,0.0912851109839375,0,0.613107584443941,0.994138407757372,0.0114248607273845,0.0912851109839375,0,0,0.1
117,H,0.0995,10,0.560677050330648,0.0216423268408614,6,0.0760851854656629,0.0760851854656629,0,2.22044604925031e-16,0.976554287596248,0.0570537018630504,0.0760851854656629,0,0,0.1
118,L,0.0837,10,0.560677050330648,0.0216423263814932,3,0.0747600584524586,0.0747600584524586,0,2.22044604925031e-16,0.967757418525981,0.16021536480334,0.0747600584524586,0,0,0.1
119,L,0.0837,10,0.560677050330648,0.0216423263814932,6,0.0771759591919882,0.0771759591919882,0,2.22044604925031e-16,0.999713777713196,0.00376840214464144,0.0771759591919882,0,0,0.1
120,L,0.0837,10,0.560677050330648,0.0216423263814932,4,0.0747717572620386,0.0747717572620386,0,2.22044604925031e-16,0.967912164712996,-0.00183093854259732,0.0747717572620386,0,0,0.1
121,L,0.0837,10,0.560677050330648,0.0216423263814932,5,0.075236835616758,0.075236835616758,0,2.22044604925031e-16,0.974064022144088,0.109507413646744,0.075236835616758,0,0,0.1
122,H,0.0995,10,0.560677050330648,0.0216423268408614,6,0.077211588074531,0.077211588074531,0,2.22044604925031e-16,0.991453793030613,0.0586309634492242,0.077211588074531,0,0,0.1
123,H,0.0995,10,0.560677050330648,0.0216423268408614,5,0.076344094674358,0.076344094674358,0,2.22044604925031e-16,0.979979012514027,-0.0297674343703776,0.076344094674358,0,0,0.1
124,H,0.0995,10,0.560677050330648,0.0216423268408614,5,0.0768105356064622,0.0768105356064622,0,2.22044604925031e-16,0.986148866125712,-0.0519483816469594,0.0768105356064622,0,0,0.1
125,H,0.0995,10,0.560677050330648,0.0216423268408614,6,0.0765918337028333,0.0765918337028333,0,2.22044604925031e-16,0.983255983866599,0.116903085755494,0.0765918337028333,0,0,0.1
126,H,0.0995,10,0.560677050330648,0.0216423268408614,8,0.0758808210898519,0.0758808210898519,0,0.00161043024866681,0.973346198000242,-0.183320889216105,0.0758808210898519,0,0,0.1
127,H,0.0995,10,0.560677050330648,0.0216423268408614,8,0.0883142076792684,0.0883142076792684,0,0.482812989057634,0.986955802160655,0.198863704463274,0.0883142076792684,0,0,0.1
128,H,0.0995,10,0.560677050330648,0.0216423268408614,5,0.0752837803239767,0.0752837803239767,0,2.22044604925031e-16,0.965953690390416,-0.026751691626451,0.0752837803239767,0,0,0.1
129,L,0.0837,10,0.560677050330648,0.0216423263814932,5,0.0754018534041324,0.0754018534041324,0,2.22044604925031e-16,0.976246797326076,0.0323739598512764,0.0754018534041324,0,0,0.1
130,H,0.0995,10,0.560677050330648,0.0216423268408614,7,0.0876848543045028,0.0876848543045028,0,0.436609158285055,0.993115554628694,-0.128742683590253,0.0876848543045028,0,0,0.1
131,H,0.0995,10,0.560677050330648,0.0216423268408614,2,0.105858766843884,0.105858766843884,0,1.11670918292328,1.02030526249057,-0.228429282901925,0.105858766843884,0,0,0.1
132,H,0.0995,10,0.560677050330648,0.0216423268408614,6,0.0766962907932877,0.0766962907932877,0,2.22044604925031e-16,0.984637691414692,0.0897499398947743,0.0766962907932877,0,0,0.1
133,L,0.0837,10,0.560677050330648,0.0216423263814932,4,0.0901250355253807,0.0901250355253807,0,0.535875166332551,1.00300524440196,-0.0560832749351253,0.0901250355253807,0,0,0.1
134,L,0.0837,10,0.560677050330648,0.0216423263814932,6,0.0752758732956955,0.0752758732956955,0,2.22044604925031e-16,0.974580366366774,-0.0360425172417109,0.0752758732956955,0,0,0.1
135,H,0.0995,10,0.560677050330648,0.0216423268408614,7,0.0769061493904973,0.0769061493904973,0,2.22044604925031e-16,0.987413598430885,-0.0912429555647763,0.0769061493904973,0,0,0.1
136,L,0.0837,10,0.560677050330648,0.0216423263814932,6,0.0755542049797414,0.0755542049797414,0,2.22044604925031e-16,0.978262002401573,-0.0714982594552982,0.0755542049797414,0,0,0.1
137,L,0.0837,10,0.560677050330648,0.0216423263814932,4,0.0871884345027823,0.0871884345027823,0,0.378050346942967,1.01363814381243,0.0556439603015068,0.0871884345027823,0,0,0.1
138,H,0.0995,10,0.560677050330648,0.0216423268408614,6,0.0822364786943043,0.0822364786943043,0,0.233927568731063,0.98458616415698,0.0370942020546121,0.0822364786943043,0,0,0.1
139,L,0.0837,10,0.560677050330648,0.0216423263814932,6,0.0749976892865129,0.0749976892865129,0,2.22044604925031e-16,0.97090068370331,-0.121749313075501,0.0749976892865129,0,0,0.1
140,L,0.0837,10,0.560677050330648,0.0216423263814932,8,0.075322355519516,0.075322355519516,0,2.22044604925031e-16,0.975195210887975,0.106941115375831,0.075322355519516,0,0,0.1
141,L,0.0837,10,0.560677050330648,0.0216423263814932,7,0.0754629293788054,0.0754629293788054,0,2.22044604925031e-16,0.977054653461698,-0.0232291557457778,0.0754629293788054,0,0,0.1
142,L,0.0837,10,0.560677050330648,0.0216423263814932,4,0.0941251284439875,0.0941251284439875,0,0.76193598945645,0.985048252470516,0.0195863486747972,0.0941251284439875,0,0,0.1
143,L,0.0837,10,0.560677050330648,0.0216423263814932,6,0.0758494530645545,0.0758494530645545,0,2.22044604925031e-16,0.98216740035158,0.000233509759648679,0.0758494530645545,0,0,0.1
144,L,0.0837,10,0.560677050330648,0.0216423263814932,8,0.0754352755581495,0.0754352755581495,0,2.22044604925031e-16,0.976688862196901,-0.0281657244923142,0.0754352755581495,0,0,0.1
145,L,0.0837,10,0.560677050330648,0.0216423263814932,10,0.0755051185831239,0.0755051185831239,0,2.22044604925031e-16,0.977612711956143,0.0344610348137129,0.0755051185831239,0,0,0.1
146,L,0.0837,10,0.560677050330648,0.0216423263814932,7,0.0759757935792406,0.0759757935792406,0,2.22044604925031e-16,0.983838571487416,0.0362534759886224,0.0759757935792406,0,0,0.1
147,L,0.0837,10,0.560677050330648,0.0216423263814932,4,0.0759581166426881,0.0759581166426881,0,2.22044604925031e-16,0.983604749114144,0.00993246122993264,0.0759581166426881,0,0,0.1
148,H,0.0995,10,0.560677050330648,0.0216423268408614,3,0.0975932749929797,0.0975932749929797,0,0.891020104184005,0.981725094778283,-0.0550533410957865,0.0975932749929797,0,0,0.1
149,L,0.0837,10,0.560677050330648,0.0216423263814932,5,0.0869327197481349,0.0869327197481349,0,0.438010100101567,0.991458820312849,0.0547892407148829,0.0869327197481349,0,0,0.1
150,L,0.0837,10,0.560677050330648,0.0216423263814932,4,0.107215476051156,0.107215476051156,0,1.27698357801344,0.996737667028882,-0.131384095257744,0.107215476051156,0,0,0.1
151,H,0.0995,10,0.560677050330648,0.0216423268408614,5,0.0768738191891335,0.0768738191891335,0,2.22044604925031e-16,0.986985950554242,0.0386585547262941,0.0768738191891335,0,0,0.1
152,L,0.0837,10,0.560677050330648,0.0216423263814932,2,0.115661820585836,0.115661820585836,0,1.56060483222744,1.01954878902315,0.0250421016819976,0.115661820585836,0,0,0.1
153,H,0.0995,10,0.560677050330648,0.0216423268408614,6,0.0773923844678842,0.0773923844678842,0,2.22044604925031e-16,0.993845279719621,0.0590848946723476,0.0773923844678842,0,0,0.1
154,L,0.0837,10,0.560677050330648,0.0216423263814932,6,0.0744415663677862,0.0744415663677862,0,2.22044604925031e-16,0.963544560435422,-0.0119271449065017,0.0744415663677862,0,0,0.1
155,H,0.0995,10,0.560677050330648,0.0216423268408614,5,0.0764761340176218,0.0764761340176218,0,2.22044604925031e-16,0.981725564677143,0.181033080640642,0.0764761340176218,0,0,0.1
156,H,0.0995,10,0.560677050330648,0.0216423268408614,5,0.0770970079057247,0.0770970079057247,0,2.22044604925031e-16,0.989938182261001,-0.0394639489487843,0.0770970079057247,0,0,0.1
157,L,0.0837,10,0.560677050330648,0.0216423263814932,5,0.0764747733084365,0.0764747733084365,0,2.22044604925031e-16,0.990438860981993,-0.160501299173384,0.0764747733084365,0,0,0.1
158,L,0.0837,10,0.560677050330648,0.0216423263814932,7,0.0752910266179831,0.0752910266179831,0,2.22044604925031e-16,0.974780807409027,-0.00563952150975573,0.0752910266179831,0,0,0.1
159,H,0.0995,10,0.560677050330648,0.0216423268408614,5,0.0901711947562846,0.0901711947562846,0,0.5721019882924,0.983527729446321,0.106869518220117,0.0901711947562846,0,0,0.1
160,L,0.0837,10,0.560677050330648,0.0216423263814932,5,0.0771400581683041,0.0771400581683041,0,2.22044604925031e-16,0.999238926164227,-0.110130565255603,0.0771400581683041,0,0,0.1
161,H,0.0995,10,0.560677050330648,0.0216423268408614,7,0.0765012876531202,0.0765012876531202,0,2.22044604925031e-16,0.982058284438096,-0.0373141563498719,0.0765012876531202,0,0,0.1
162,H,0.0995,10,0.560677050330648,0.0216423268408614,5,0.0776263211818219,0.0776263211818219,0,0.0403906643087931,0.984277527935691,0.191131339520405,0.0776263211818219,0,0,0.1
163,H,0.0995,10,0.560677050330648,0.0216423268408614,4,0.077108055633496,0.077108055633496,0,2.22044604925031e-16,0.990084315849809,0.0291013247166993,0.077108055633496,0,0,0.1
164,H,0.0995,10,0.560677050330648,0.0216423268408614,8,0.0750086964628021,0.0750086964628021,0,2.22044604925031e-16,0.962315015029591,-0.121427049455489,0.0750086964628021,0,0,0.1
165,L,0.0837,10,0.560677050330648,0.0216423263814932,5,0.0754818432442963,0.0754818432442963,0,2.22044604925031e-16,0.977304864101054,0.048481464871159,0.0754818432442963,0,0,0.1
166,H,0.0995,10,0.560677050330648,0.0216423268408614,7,0.0796176430535796,0.0796176430535796,0,0.120372990896104,0.985543939471871,0.0558972986182053,0.0796176430535796,0,0,0.1
167,L,0.0837,10,0.560677050330648,0.0216423263814932,3,0.0907946891052523,0.0907946891052523,0,0.548566316410932,1.00788452109021,-0.138502303087557,0.0907946891052523,0,0,0.1
168,L,0.0837,10,0.560677050330648,0.0216423263814932,6,0.081167888709622,0.081167888709622,0,0.198097272466505,0.990415155592265,0.0548543074398013,0.081167888709622,0,0,0.1
169,L,0.0837,10,0.560677050330648,0.0216423263814932,10,0.0762820395882095,0.0762820395882095,0,2.22044604925031e-16,0.987889444872771,0.0143361312614101,0.0762820395882095,0,0,0.1
170,L,0.0837,10,0.560677050330648,0.0216423263814932,5,0.0762944860439832,0.0762944860439832,0,2.22044604925031e-16,0.988054108566267,-0.165756043844948,0.0762944860439832,0,0,0.1
171,L,0.0837,10,0.560677050330648,0.0216423263814932,7,0.0758903378146591,0.0758903378146591,0,2.22044604925031e-16,0.982708204225906,-0.211382538059914,0.0758903378146591,0,0,0.1
172,H,0.0995,10,0.560677050330648,0.0216423268408614,6,0.0756401913315197,0.0756401913315197,0,2.22044604925031e-16,0.970668121790654,-0.0524598009400317,0.0756401913315197,0,0,0.1
173,L,0.0837,10,0.560677050330648,0.0216423263814932,8,0.0741769107541744,0.0741769107541744,0,2.22044604925031e-16,0.960043825067064,0.000430248559740516,0.0741769107541744,0,0,0.1
174,H,0.0995,10,0.560677050330648,0.0216423268408614,7,0.0839676214109574,0.0839676214109574,0,0.274122061637925,0.994884222403814,0.0503505648259934,0.0839676214109574,0,0,0.1
175,H,0.0995,10,0.560677050330648,0.0216423268408614,6,0.0931366866774214,0.0931366866774214,0,0.685457298791341,0.987217823104057,-0.132799020060032,0.0931366866774214,0,0,0.1
176,L,0.0837,10,0.560677050330648,0.0216423263814932,8,0.0752203060021237,0.0752203060021237,0,2.22044604925031e-16,0.973845349543085,-0.102910696118827,0.0752203060021237,0,0,0.1
177,H,0.0995,10,0.560677050330648,0.0216423268408614,6,0.0766921488376391,0.0766921488376391,0,2.22044604925031e-16,0.984582903641467,0.096451793398869,0.0766921488376391,0,0,0.1
178,H,0.0995,10,0.560677050330648,0.0216423268408614,5,0.0951871025099602,0.0951871025099602,0,0.722792819349119,1.0026353370401,-0.170721511771219,0.0951871025099602,0,0,0.1
179,L,0.0837,10,0.560677050330648,0.0216423263814932,6,0.0757343217046119,0.0757343217046119,0,2.22044604925031e-16,0.980644498763949,-0.0451655903229964,0.0757343217046119,0,0,0.1
180,L,0.0837,10,0.560677050330648,0.0216423263814932,6,0.0833517076971209,0.0833517076971209,0,0.236823875106308,1.00716116763345,-0.062949076952321,0.0833517076971209,0,0,0.1
181,L,0.0837,10,0.560677050330648,0.0216423263814932,5,0.0792764433528457,0.0792764433528457,0,0.198184662229651,0.965368673949922,-0.0104753729599207,0.0792764433528457,0,0,0.1
182,L,0.0837,10,0.560677050330648,0.0216423263814932,3,0.0757006132949536,0.0757006132949536,0,2.22044604925031e-16,0.980198620146285,-0.175189355638401,0.0757006132949536,0,0,0.1
183,L,0.0837,10,0.560677050330648,0.0216423263814932,4,0.0758619357153225,0.0758619357153225,0,2.22044604925031e-16,0.982332514625093,-0.00190867237238574,0.0758619357153225,0,0,0.1
184,L,0.0837,10,0.560677050330648,0.0216423263814932,5,0.0765313527725743,0.0765313527725743,0,2.22044604925031e-16,0.991187266667899,-0.00284863848467415,0.0765313527725743,0,0,0.1
185,L,0.0837,10,0.560677050330648,0.0216423263814932,7,0.0750294484955176,0.0750294484955176,0,2.22044604925031e-16,0.971320779319013,0.0416020135848697,0.0750294484955176,0,0,0.1
186,H,0.0995,10,0.560677050330648,0.0216423268408614,5,0.0945585597054171,0.0945585597054171,0,0.697799675861562,1.00215643075498,-0.033685374917969,0.0945585597054171,0,0,0.1
187,H,0.0995,10,0.560677050330648,0.0216423268408614,7,0.075690347202032,0.075690347202032,0,2.22044604925031e-16,0.971331558883265,0.0721946633106011,0.075690347202032,0,0,0.1
188,L,0.0837,10,0.560677050330648,0.0216423263814932,5,0.0759138931511673,0.0759138931511673,0,2.22044604925031e-16,0.983019810535846,0.110106456298892,0.0759138931511673,0,0,0.1
189,L,0.0837,10,0.560677050330648,0.0216423263814932,6,0.0764503351620449,0.0764503351620449,0,2.22044604925031e-16,0.990115576250429,-0.07481200946191,0.0764503351620449,0,0,0.1
190,H,0.0995,10,0.560677050330648,0.0216423268408614,7,0.0814280855744006,0.0814280855744006,0,0.192824159628559,0.986778725520139,0.152087253950617,0.0814280855744006,0,0,0.1
191,L,0.0837,10,0.560677050330648,0.0216423263814932,6,0.0813640794480552,0.0813640794480552,0,0.181855918792271,0.998101806664357,0.0656500208881818,0.0813640794480552,0,0,0.1
192,L,0.0837,10,0.560677050330648,0.0216423263814932,7,0.0757955628840227,0.0757955628840227,0,2.22044604925031e-16,0.981454567571598,0.0712824209341344,0.0757955628840227,0,0,0.1
193,L,0.0837,10,0.560677050330648,0.0216423263814932,5,0.100167896381511,0.100167896381511,0,0.949135979158428,1.00629331984095,-0.102861453184188,0.100167896381511,0,0,0.1
194,L,0.0837,10,0.560677050330648,0.0216423263814932,7,0.0761531108758674,0.0761531108758674,0,2.22044604925031e-16,0.986184038384735,-0.098424950008023,0.0761531108758674,0,0,0.1
195,L,0.0837,10,0.560677050330648,0.0216423263814932,7,0.0788563942774558,0.0788563942774558,0,0.14472657555869,0.976571122686593,-0.111111926636664,0.0788563942774558,0,0,0.1
196,H,0.0995,10,0.560677050330648,0.0216423268408614,5,0.0787699262514809,0.0787699262514809,0,0.0960811244430041,0.981946061886412,0.0926052963577407,0.0787699262514809,0,0,0.1
197,L,0.0837,10,0.560677050330648,0.0216423263814932,6,0.0750219252124155,0.0750219252124155,0,2.22044604925031e-16,0.971221264733966,0.0059003488862541,0.0750219252124155,0,0,0.1
198,H,0.0995,10,0.560677050330648,0.0216423268408614,4,0.0760317727045293,0.0760317727045293,0,2.22044604925031e-16,0.975847769166286,-0.0882549310555198,0.0760317727045293,0,0,0.1
199,L,0.0837,10,0.560677050330648,0.0216423263814932,3,0.0969025545166648,0.0969025545166648,0,0.812735647851802,1.00586140278684,-0.0527860937437392,0.0969025545166648,0,0,0.1
200,L,0.0837,10,0.560677050330648,0.0216423263814932,9,0.0932119806821373,0.0932119806821373,0,0.682970227921356,0.997724717985549,0.0775097032615428,0.0932119806821373,0,0,0.1
