auction_id,risk,sigma,n,up_win_score,up_pay_final,fp_win_score,fp_pay_final,scale_s,n_level
1,H,0.0995,3,0.1376067262614,0.139731264946877,0.142970342681414,0.142970342681414,0.15,3
2,L,0.0837,3,0.16702656390075,0.166377719876311,0.168711656416373,0.168711656416373,0.15,3
3,L,0.0837,3,0.152192923785407,0.152543320628246,0.154928496255206,0.154928496255206,0.15,3
4,L,0.0837,3,0.11787798908166,0.116729370183245,0.118745610882146,0.118745610882146,0.15,3
5,L,0.0837,3,0.120636801942318,0.119918929594867,0.120717429852972,0.120717429852972,0.15,3
6,L,0.0837,3,0.11308503345101,0.111977399618204,0.114058829399971,0.114058829399971,0.15,3
7,H,0.0995,3,0.138407218789731,0.138019513361519,0.141393451366462,0.141393451366462,0.15,3
8,H,0.0995,3,0.122534648722605,0.123082856602545,0.126450190250846,0.126450190250846,0.15,3
9,H,0.0995,3,0.112916907040643,0.111324964770733,0.114228393857851,0.114228393857851,0.15,3
10,L,0.0837,3,0.112449846937514,0.111332244253164,0.112778487522999,0.112778487522999,0.15,3
11,L,0.0837,3,0.136189998349912,0.136120262743115,0.138516136354442,0.138516136354442,0.15,3
12,L,0.0837,3,0.139668798564894,0.139204795886785,0.141572924775807,0.141572924775807,0.15,3
13,H,0.0995,3,0.112539516789477,0.11084636817845,0.113372407014402,0.113372407014402,0.15,3
14,L,0.0837,3,0.12384850017148,0.122973055003077,0.125230845543372,0.125230845543372,0.15,3
15,L,0.0837,3,0.128122666366997,0.128204368542104,0.130600091230967,0.130600091230967,0.15,3
16,L,0.0837,3,0.113352915110493,0.112775269258405,0.115124580698248,0.115124580698248,0.15,3
17,H,0.0995,3,0.1131952638955,0.111939391297443,0.115121177239417,0.115121177239417,0.15,3
18,H,0.0995,3,0.113225445873024,0.112036852726435,0.115248820645934,0.115248820645934,0.15,3
19,L,0.0837,3,0.121015585070416,0.120178735936888,0.122453361510685,0.122453361510685,0.15,3
20,L,0.0837,3,0.123363176102979,0.122954063075728,0.125329175882288,0.125329175882288,0.15,3
21,H,0.0995,3,0.116298182894679,0.114943415811331,0.118071132760506,0.118071132760506,0.15,3
22,L,0.0837,3,0.146417715301294,0.145231267538152,0.147141345908115,0.147141345908115,0.15,3
23,H,0.0995,3,0.126168727919388,0.125506770767499,0.128852474194588,0.128852474194588,0.15,3
24,L,0.0837,3,0.113353369552517,0.112778064707081,0.115127830588944,0.115127830588944,0.15,3
25,L,0.0837,3,0.113004815023696,0.111848886066475,0.11385009742119,0.11385009742119,0.15,3
26,L,0.0837,3,0.115576597424923,0.11467702338549,0.116923181528937,0.116923181528937,0.15,3
27,L,0.0837,3,0.115307100389489,0.114894856902674,0.117269604267233,0.117269604267233,0.15,3
28,L,0.0837,3,0.113038927225088,0.111900671200649,0.113935994756649,0.113935994756649,0.15,3
29,L,0.0837,3,0.127520662383263,0.127255182066393,0.129643277307893,0.129643277307893,0.15,3
30,L,0.0837,3,0.112925995829595,0.111742430201713,0.11366482236256,0.11366482236256,0.15,3
31,H,0.0995,3,0.129323776837887,0.127832473952966,0.130856166585851,0.130856166585851,0.15,3
32,H,0.0995,3,0.112453445924119,0.110765757378971,0.113205725349564,0.113205725349564,0.15,3
33,H,0.0995,3,0.132372695303794,0.131609080866289,0.134938794209096,0.134938794209096,0.15,3
34,L,0.0837,3,0.125243273148454,0.124120121510807,0.125580027681433,0.125580027681433,0.15,3
35,L,0.0837,3,0.120708862283678,0.119946832102356,0.122248966977448,0.122248966977448,0.15,3
36,L,0.0837,3,0.113196023269881,0.1122056790431,0.114398098643301,0.114398098643301,0.15,3
37,H,0.0995,3,0.112630790372153,0.110941241001565,0.113558553420192,0.113558553420192,0.15,3
38,L,0.0837,3,0.128687181809905,0.128229748973872,0.13059878010826,0.13059878010826,0.15,3
39,L,0.0837,3,0.113314923893264,0.112582023334354,0.114893343557281,0.114893343557281,0.15,3
40,H,0.0995,3,0.126160279664705,0.125588057279496,0.128945185290577,0.128945185290577,0.15,3
41,H,0.0995,3,0.161148180011689,0.161933234074946,0.165282488102888,0.165282488102888,0.15,3
42,L,0.0837,3,0.113335885221693,0.112680164715953,0.115012446267148,0.115012446267148,0.15,3
43,L,0.0837,3,0.12656471836001,0.126306651754009,0.128695233234997,0.128695233234997,0.15,3
44,L,0.0837,3,0.113324607351488,0.112625285189834,0.114946288870915,0.114946288870915,0.15,3
45,H,0.0995,3,0.113191220681092,0.111927070941894,0.115104813669461,0.115104813669461,0.15,3
46,L,0.0837,3,0.12945085238272,0.130784721495708,0.133158166273898,0.133158166273898,0.15,3
47,L,0.0837,3,0.12393316024266,0.122858897657286,0.124979583306396,0.124979583306396,0.15,3
48,H,0.0995,3,0.131200795233122,0.130462834329162,0.133796914024226,0.133796914024226,0.15,3
49,L,0.0837,3,0.142656186863359,0.144013485424006,0.146282888899209,0.146282888899209,0.15,3
50,H,0.0995,3,0.141801756458937,0.140931346718819,0.144240194756009,0.144240194756009,0.15,3
51,L,0.0837,3,0.11337644375408,0.112948371636146,0.115321211719305,0.115321211719305,0.15,3
52,H,0.0995,3,0.14191632710353,0.14203530662757,0.145420818818101,0.145420818818101,0.15,3
53,H,0.0995,3,0.1124005999502,0.110720003196024,0.113107125192698,0.113107125192698,0.15,3
54,H,0.0995,3,0.113268286862244,0.112195974473465,0.115450783382183,0.115450783382183,0.15,3
55,L,0.0837,3,0.113262148262344,0.112388334603703,0.114646879196039,0.114646879196039,0.15,3
56,L,0.0837,3,0.141658748301205,0.141360946601008,0.143746724194652,0.143746724194652,0.15,3
57,H,0.0995,3,0.112771488042823,0.111110656854913,0.11386866694421,0.11386866694421,0.15,3
58,L,0.0837,3,0.113108202298522,0.112019358803872,0.114123957433067,0.114123957433067,0.15,3
59,L,0.0837,3,0.117696269083279,0.116505831567879,0.118395678981133,0.118395678981133,0.15,3
60,H,0.0995,3,0.120351268254682,0.11888136879476,0.121924566888682,0.121924566888682,0.15,3
61,H,0.0995,3,0.13881029875582,0.138888333241712,0.142274415826928,0.142274415826928,0.15,3
62,L,0.0837,3,0.113248831531899,0.112347408399901,0.114592636261864,0.114592636261864,0.15,3
63,H,0.0995,3,0.11333276499789,0.112512891632165,0.11583217867653,0.11583217867653,0.15,3
64,H,0.0995,3,0.112508181090049,0.110816094870266,0.113310798006789,0.113310798006789,0.15,3
65,L,0.0837,3,0.123978417643571,0.122849771070179,0.124900973330637,0.124900973330637,0.15,3
66,L,0.0837,3,0.115957981219492,0.114788561514215,0.116385775243447,0.116385775243447,0.15,3
67,L,0.0837,3,0.155052288538446,0.158805380355243,0.160979581518199,0.160979581518199,0.15,3
68,L,0.0837,3,0.144927666652152,0.143738518524709,0.145427157072263,0.145427157072263,0.15,3
69,L,0.0837,3,0.113038868442215,0.111900578552416,0.113935843325542,0.113935843325542,0.15,3
70,L,0.0837,3,0.113342169974592,0.112713293483037,0.115051859787078,0.115051859787078,0.15,3
71,H,0.0995,3,0.133827751416797,0.132585762821484,0.135774158870788,0.135774158870788,0.15,3
72,H,0.0995,3,0.128813223997463,0.127461951237708,0.130591818677657,0.130591818677657,0.15,3
73,H,0.0995,3,0.142934040917989,0.144260945205628,0.147552153696932,0.147552153696932,0.15,3
74,L,0.0837,3,0.113095755016194,0.111996507779971,0.114088659126883,0.114088659126883,0.15,3
75,L,0.0837,3,0.11564637385118,0.114560660841378,0.116668838828094,0.116668838828094,0.15,3
76,H,0.0995,3,0.113393603193142,0.11311203018203,0.116492155421646,0.116492155421646,0.15,3
77,L,0.0837,3,0.172462922077629,0.172504066794569,0.174900288524122,0.174900288524122,0.15,3
78,L,0.0837,3,0.151078396851357,0.152049263893311,0.154374160453673,0.154374160453673,0.15,3
79,H,0.0995,3,0.113166759535315,0.111855743375195,0.115009024956984,0.115009024956984,0.15,3
80,L,0.0837,3,0.126878711677467,0.12708815696182,0.129480337885923,0.129480337885923,0.15,3
81,H,0.0995,3,0.1196814294994,0.120939164779296,0.124364517568518,0.124364517568518,0.15,3
82,H,0.0995,3,0.112914137344899,0.111320411744981,0.114221071136354,0.114221071136354,0.15,3
83,L,0.0837,3,0.11336409060605,0.112849213073769,0.115209700009052,0.115209700009052,0.15,3
84,H,0.0995,3,0.136705979143987,0.135470545025863,0.138661989151697,0.138661989151697,0.15,3
85,H,0.0995,3,0.126102508611691,0.125410053640784,0.128751320118343,0.128751320118343,0.15,3
86,L,0.0837,3,0.112863448758959,0.111668698095865,0.113528543186243,0.113528543186243,0.15,3
87,H,0.0995,3,0.115433976853143,0.114723952637442,0.118062526726761,0.118062526726761,0.15,3
88,L,0.0837,3,0.163806982156846,0.165644489948969,0.167831124660753,0.167831124660753,0.15,3
89,L,0.0837,3,0.129182805367807,0.12971220975003,0.132084458688355,0.132084458688355,0.15,3
90,L,0.0837,3,0.118370285059927,0.118083483005359,0.12047008608692,0.12047008608692,0.15,3
91,L,0.0837,3,0.138400356647312,0.139043236136423,0.141405247271119,0.141405247271119,0.15,3
92,H,0.0995,3,0.129067077053533,0.129776297331687,0.133131883501547,0.133131883501547,0.15,3
93,H,0.0995,3,0.113291665470048,0.112296926631549,0.115575114148071,0.115575114148071,0.15,3
94,H,0.0995,3,0.113213051087409,0.111995588973353,0.115195162107236,0.115195162107236,0.15,3
95,L,0.0837,3,0.112011791795019,0.111140361075707,0.112148549203775,0.112148549203775,0.15,3
96,L,0.0837,3,0.118002111371474,0.117852416843321,0.120246316907932,0.120246316907932,0.15,3
97,H,0.0995,3,0.153658682214995,0.152820963305809,0.156136685094481,0.156136685094481,0.15,3
98,H,0.0995,3,0.155748825596797,0.155304766640165,0.158674438511762,0.158674438511762,0.15,3
99,L,0.0837,3,0.144883916029132,0.144453795300591,0.146826381064508,0.146826381064508,0.15,3
100,L,0.0837,3,0.117566802029182,0.116778718236569,0.119071956363425,0.119071956363425,0.15,3
101,L,0.0837,3,0.119216477037598,0.118621488401133,0.120967336480348,0.120967336480348,0.15,3
102,H,0.0995,3,0.149030851442448,0.151117293018349,0.152863147055903,0.152863147055903,0.15,3
103,L,0.0837,3,0.135294288557986,0.134509517565702,0.13680392479032,0.13680392479032,0.15,3
104,L,0.0837,3,0.117675980371127,0.117199035530704,0.119565332061315,0.119565332061315,0.15,3
105,H,0.0995,3,0.113351666165568,0.112639177246637,0.115977365458679,0.115977365458679,0.15,3
106,L,0.0837,3,0.113199346409316,0.112213793041179,0.1144095357808,0.1144095357808,0.15,3
107,H,0.0995,3,0.152307296017965,0.151173345175683,0.154406750736561,0.154406750736561,0.15,3
108,L,0.0837,3,0.112997515931532,0.111838293263158,0.113832205525732,0.113832205525732,0.15,3
109,H,0.0995,3,0.128158657766679,0.127138090443252,0.130408896118995,0.130408896118995,0.15,3
110,L,0.0837,3,0.15026127908857,0.151188379741373,0.153518812197641,0.153518812197641,0.15,3
111,L,0.0837,3,0.113015831392497,0.111865189425888,0.11387741714937,0.11387741714937,0.15,3
112,L,0.0837,3,0.116425412544792,0.115511211884414,0.116583170505722,0.116583170505722,0.15,3
113,H,0.0995,3,0.139170838934189,0.139639150836033,0.14301139656782,0.14301139656782,0.15,3
114,H,0.0995,3,0.124368416011007,0.123731374465597,0.127080487661675,0.127080487661675,0.15,3
115,L,0.0837,3,0.121784795919446,0.121058824481281,0.123372219228527,0.123372219228527,0.15,3
116,L,0.0837,3,0.158225701380782,0.15764134352366,0.159989334652398,0.159989334652398,0.15,3
117,L,0.0837,3,0.13366216135728,0.132583046354392,0.134698538985789,0.134698538985789,0.15,3
118,L,0.0837,3,0.113154790758862,0.11211208361408,0.114263270703436,0.114263270703436,0.15,3
119,H,0.0995,3,0.113298639425555,0.112329592986567,0.115614754458596,0.115614754458596,0.15,3
120,H,0.0995,3,0.132472866029945,0.131973173931187,0.13533790814844,0.13533790814844,0.15,3
121,H,0.0995,3,0.153491426945632,0.153142566895273,0.156519039494139,0.156519039494139,0.15,3
122,H,0.0995,3,0.112958310676769,0.111395638930608,0.114340471653851,0.114340471653851,0.15,3
123,L,0.0837,3,0.113281957550464,0.11245431973525,0.114732673615592,0.114732673615592,0.15,3
124,L,0.0837,3,0.119343241421924,0.118194187327392,0.120209573546521,0.120209573546521,0.15,3
125,H,0.0995,3,0.149767405174464,0.149914027344281,0.153299027564643,0.153299027564643,0.15,3
126,L,0.0837,3,0.154667956067085,0.154114833818634,0.156468756564959,0.156468756564959,0.15,3
127,H,0.0995,3,0.113354302120959,0.112658914872493,0.115999739039926,0.115999739039926,0.15,3
128,L,0.0837,3,0.126179508054604,0.125532450137972,0.127866811987435,0.127866811987435,0.15,3
129,L,0.0837,3,0.123677289591136,0.122490828251935,0.124163669099844,0.124163669099844,0.15,3
130,L,0.0837,3,0.112895814556638,0.111705796769445,0.113598007657416,0.113598007657416,0.15,3
131,L,0.0837,3,0.12567982707533,0.124579921010153,0.126671253537535,0.126671253537535,0.15,3
132,H,0.0995,3,0.113058472039699,0.111590628644156,0.114635622730329,0.114635622730329,0.15,3
133,H,0.0995,3,0.156195605999668,0.155550991563971,0.158899088376545,0.158899088376545,0.15,3
134,L,0.0837,3,0.136517917362382,0.135718216104802,0.138007262862356,0.138007262862356,0.15,3
135,L,0.0837,3,0.154741328807901,0.156654504947581,0.158826928852409,0.158826928852409,0.15,3
136,L,0.0837,3,0.113053515979787,0.111924053703434,0.113973966014085,0.113973966014085,0.15,3
137,L,0.0837,3,0.112962750172857,0.111789984412529,0.113749130916531,0.113749130916531,0.15,3
138,H,0.0995,3,0.112960533645556,0.111399579063598,0.114346634755628,0.114346634755628,0.15,3
139,L,0.0837,3,0.137424091067274,0.140170042448001,0.14262203231825,0.14262203231825,0.15,3
140,H,0.0995,3,0.112756423547316,0.111090960090468,0.113833905684259,0.113833905684259,0.15,3
141,H,0.0995,3,0.113213682458794,0.111997647077026,0.115197851582294,0.115197851582294,0.15,3
142,L,0.0837,3,0.140857790385027,0.141627247550108,0.143976178204843,0.143976178204843,0.15,3
143,L,0.0837,3,0.156073362618253,0.157791340953794,0.159999816185283,0.159999816185283,0.15,3
144,H,0.0995,3,0.113393070967434,0.113100561139037,0.116480154152945,0.116480154152945,0.15,3
145,H,0.0995,3,0.129826713967612,0.130020700097774,0.133404592749781,0.133404592749781,0.15,3
146,H,0.0995,3,0.113290615338863,0.112292119584853,0.11556925697019,0.11556925697019,0.15,3
147,H,0.0995,3,0.124361975722774,0.123445494187556,0.126743857099338,0.126743857099338,0.15,3
148,H,0.0995,3,0.112112976432387,0.110511603260122,0.112611101738983,0.112611101738983,0.15,3
149,H,0.0995,3,0.112667064358951,0.110981997554028,0.113635583959453,0.113635583959453,0.15,3
150,H,0.0995,3,0.113170754848945,0.111867037719342,0.115024314614761,0.115024314614761,0.15,3
151,L,0.0837,3,0.111685376453693,0.111060530442136,0.111742303229334,0.111742303229334,0.15,3
152,L,0.0837,3,0.127464693508194,0.126496610218519,0.128703943551942,0.128703943551942,0.15,3
153,L,0.0837,3,0.144886074663205,0.14584112831936,0.148168044331369,0.148168044331369,0.15,3
154,L,0.0837,3,0.11252473202307,0.111378725869818,0.112899854225066,0.112899854225066,0.15,3
155,H,0.0995,3,0.11311805444956,0.111727653021189,0.114832229517223,0.114832229517223,0.15,3
156,L,0.0837,3,0.122029331370658,0.121527792185638,0.12389039853991,0.12389039853991,0.15,3
157,L,0.0837,3,0.112974685202463,0.111806183442451,0.113777264976025,0.113777264976025,0.15,3
158,L,0.0837,3,0.133216481427283,0.132227496571741,0.134420865678394,0.134420865678394,0.15,3
159,H,0.0995,3,0.179053203349136,0.179562616012349,0.182932414215341,0.182932414215341,0.15,3
160,H,0.0995,3,0.151296381902744,0.152978187212946,0.156221124647595,0.156221124647595,0.15,3
161,H,0.0995,3,0.153178291533881,0.154889172842267,0.158127847544187,0.158127847544187,0.15,3
162,L,0.0837,3,0.139606479556465,0.141381165869436,0.143661213821835,0.143661213821835,0.15,3
163,L,0.0837,3,0.137810499513632,0.13988710340183,0.142220283119267,0.142220283119267,0.15,3
164,L,0.0837,3,0.112995462753464,0.111835342884891,0.113827201969403,0.113827201969403,0.15,3
165,L,0.0837,3,0.11288310002954,0.111690964447949,0.113570460808858,0.113570460808858,0.15,3
166,H,0.0995,3,0.126836575624888,0.125822982196762,0.12909581887101,0.12909581887101,0.15,3
167,H,0.0995,3,0.113246563496102,0.112111748461104,0.11534483400368,0.11534483400368,0.15,3
168,H,0.0995,3,0.153290078914079,0.152997761508746,0.156377364088713,0.156377364088713,0.15,3
169,H,0.0995,3,0.122498313789451,0.12115054327052,0.124282546144251,0.124282546144251,0.15,3
170,L,0.0837,3,0.150875592378891,0.152702126931836,0.154890798461587,0.154890798461587,0.15,3
171,L,0.0837,3,0.116438074260137,0.116394446786775,0.118790640846598,0.118790640846598,0.15,3
172,L,0.0837,3,0.141940185734359,0.142008667042312,0.144404587526546,0.144404587526546,0.15,3
173,L,0.0837,3,0.153546693672216,0.155734437662315,0.157852970548676,0.157852970548676,0.15,3
174,L,0.0837,3,0.153605094287044,0.153297163932419,0.155682147110118,0.155682147110118,0.15,3
175,L,0.0837,3,0.113276000362883,0.112433766109471,0.114706162802269,0.114706162802269,0.15,3
176,L,0.0837,3,0.115238435162709,0.114219973458845,0.116391471345005,0.116391471345005,0.15,3
177,L,0.0837,3,0.113364288493435,0.113949181764041,0.116381473848595,0.116381473848595,0.15,3
178,H,0.0995,3,0.136839127287817,0.135939025199205,0.13924122686858,0.13924122686858,0.15,3
179,L,0.0837,3,0.113317874969913,0.112594872804582,0.114909144104137,0.114909144104137,0.15,3
180,L,0.0837,3,0.14141520840535,0.142051150308324,0.143838447175194,0.143838447175194,0.15,3
181,L,0.0837,3,0.146477230430531,0.146744158792452,0.149133849959221,0.149133849959221,0.15,3
182,H,0.0995,3,0.153186497708766,0.155934935060704,0.158996413320744,0.158996413320744,0.15,3
183,H,0.0995,3,0.113293655750151,0.1123061156939,0.115586293490525,0.115586293490525,0.15,3
184,L,0.0837,3,0.112655289553218,0.111472915958428,0.113124601843556,0.113124601843556,0.15,3
185,L,0.0837,3,0.112920434497143,0.111735523476059,0.113652354304468,0.113652354304468,0.15,3
186,L,0.0837,3,0.112896612379635,0.111706739000099,0.113599747711065,0.113599747711065,0.15,3
187,H,0.0995,3,0.113394561793505,0.113665964371662,0.117057937640627,0.117057937640627,0.15,3
188,L,0.0837,3,0.121634661910706,0.122582300662541,0.124995970731299,0.124995970731299,0.15,3
189,L,0.0837,3,0.138789619668535,0.137591435447661,0.139384631655503,0.139384631655503,0.15,3
190,H,0.0995,3,0.152556764456717,0.155717516836646,0.158700270606489,0.158700270606489,0.15,3
191,H,0.0995,3,0.11324481815661,0.11210531738924,0.115336657592324,0.115336657592324,0.15,3
192,H,0.0995,3,0.114664663332883,0.113777505006167,0.117082652633783,0.117082652633783,0.15,3
193,L,0.0837,3,0.114213802747579,0.113095498139779,0.115162248579843,0.115162248579843,0.15,3
194,L,0.0837,3,0.113386216522273,0.113050296605056,0.115432909456252,0.115432909456252,0.15,3
195,L,0.0837,3,0.112643239390679,0.11146343670504,0.113103072427654,0.113103072427654,0.15,3
196,L,0.0837,3,0.127827500840617,0.127400846122975,0.129773861056322,0.129773861056322,0.15,3
197,H,0.0995,3,0.113183186238932,0.111903052305282,0.115072760590688,0.115072760590688,0.15,3
198,L,0.0837,3,0.142492898822202,0.141735145960175,0.14403867813702,0.14403867813702,0.15,3
199,L,0.0837,3,0.113376424755074,0.112948199046576,0.11532102013073,0.11532102013073,0.15,3
200,H,0.0995,3,0.137284721632916,0.137492531910854,0.140876047748046,0.140876047748046,0.15,3
1,L,0.0837,5,0.121603604396369,0.120412399102561,0.12229773624622,0.12229773624622,0.15,5
2,L,0.0837,5,0.120351988893446,0.119220319539649,0.121266690407761,0.121266690407761,0.15,5
3,L,0.0837,5,0.112115461323536,0.111175542305499,0.112287400023187,0.112287400023187,0.15,5
4,L,0.0837,5,0.11290997180596,0.111722724054017,0.113629092253191,0.113629092253191,0.15,5
5,L,0.0837,5,0.143687842598699,0.142800170348685,0.145052181350565,0.145052181350565,0.15,5
6,H,0.0995,5,0.157758496249248,0.158242866921858,0.161614176676024,0.161614176676024,0.15,5
7,H,0.0995,5,0.130112288242294,0.128892732682932,0.132091375750342,0.132091375750342,0.15,5
8,L,0.0837,5,0.124380072569136,0.123392212572578,0.125586363517855,0.125586363517855,0.15,5
9,L,0.0837,5,0.113143345056289,0.112088156314153,0.114227897763193,0.114227897763193,0.15,5
10,H,0.0995,5,0.121447663732915,0.120909742954313,0.124270639670459,0.124270639670459,0.15,5
11,H,0.0995,5,0.113040359344235,0.111552442423111,0.114579323813847,0.114579323813847,0.15,5
12,L,0.0837,5,0.117706355480261,0.117459460649105,0.119848743822848,0.119848743822848,0.15,5
13,L,0.0837,5,0.118124810030139,0.117261539720595,0.119524863392078,0.119524863392078,0.15,5
14,H,0.0995,5,0.1131946352565,0.111937465188453,0.115118622491455,0.115118622491455,0.15,5
15,H,0.0995,5,0.113300233284861,0.112337248448061,0.115624003779424,0.115624003779424,0.15,5
16,L,0.0837,5,0.122416704178896,0.121474004831881,0.123696850317687,0.123696850317687,0.15,5
17,H,0.0995,5,0.139440957627903,0.141027055330315,0.14428370768017,0.14428370768017,0.15,5
18,H,0.0995,5,0.112840510778725,0.11120651077413,0.114033543599357,0.114033543599357,0.15,5
19,L,0.0837,5,0.113376181782304,0.112945998621759,0.115318576795884,0.115318576795884,0.15,5
20,H,0.0995,5,0.112709145355269,0.11103170804132,0.11372737544309,0.11372737544309,0.15,5
21,L,0.0837,5,0.113372533134412,0.112914352849783,0.115283282376048,0.115283282376048,0.15,5
22,L,0.0837,5,0.128416114699933,0.12793003369638,0.130294991778412,0.130294991778412,0.15,5
23,L,0.0837,5,0.113208434026679,0.112236474814398,0.114441305233654,0.114441305233654,0.15,5
24,H,0.0995,5,0.124131155808981,0.124498532791279,0.127876044834683,0.127876044834683,0.15,5
25,L,0.0837,5,0.112489499526828,0.111356235710254,0.112842131630862,0.112842131630862,0.15,5
26,L,0.0837,5,0.126395050480408,0.12592729484021,0.128294900076185,0.128294900076185,0.15,5
27,L,0.0837,5,0.111380492099655,0.111019716315192,0.111396604809552,0.111396604809552,0.15,5
28,L,0.0837,5,0.112888224540721,0.111696901307228,0.113581522241199,0.113581522241199,0.15,5
29,H,0.0995,5,0.113263650863031,0.112177306299731,0.115427479209264,0.115427479209264,0.15,5
30,L,0.0837,5,0.117968497425114,0.116773857618257,0.118504078909585,0.118504078909585,0.15,5
31,H,0.0995,5,0.135093934605595,0.137006959978093,0.140276643363387,0.140276643363387,0.15,5
32,H,0.0995,5,0.11325894376429,0.112158753733324,0.115404219544117,0.115404219544117,0.15,5
33,H,0.0995,5,0.113304146720632,0.112356363492128,0.115647032259263,0.115647032259263,0.15,5
34,L,0.0837,5,0.138981659022503,0.13810416255422,0.140360999450935,0.140360999450935,0.15,5
35,L,0.0837,5,0.12870660567105,0.129004458824571,0.13139259786602,0.13139259786602,0.15,5
36,L,0.0837,5,0.112778936939665,0.111581134132647,0.113356467465729,0.113356467465729,0.15,5
37,H,0.0995,5,0.141318999955929,0.142037374426992,0.14539222241905,0.14539222241905,0.15,5
38,L,0.0837,5,0.113263982932659,0.112394175024076,0.114654554349135,0.114654554349135,0.15,5
39,L,0.0837,5,0.129343799424774,0.129399696472003,0.131795774275681,0.131795774275681,0.15,5
40,H,0.0995,5,0.113831412754374,0.113026402778856,0.116348562233256,0.116348562233256,0.15,5
41,L,0.0837,5,0.113144172546312,0.112089859390663,0.114230428329723,0.114230428329723,0.15,5
42,L,0.0837,5,0.114009229707302,0.113930797274212,0.116326529999839,0.116326529999839,0.15,5
43,L,0.0837,5,0.11337085101868,0.112900556456136,0.115267803866682,0.115267803866682,0.15,5
44,L,0.0837,5,0.129231873719834,0.128826230720205,0.131201744216969,0.131201744216969,0.15,5
45,L,0.0837,5,0.130687412841711,0.130986838940929,0.13337489516353,0.13337489516353,0.15,5
46,L,0.0837,5,0.112991975723287,0.111830361094967,0.113818733211325,0.113818733211325,0.15,5
47,H,0.0995,5,0.112356440553461,0.110683752498032,0.113026715097993,0.113026715097993,0.15,5
48,L,0.0837,5,0.112363007089801,0.111284187115145,0.112643590598862,0.112643590598862,0.15,5
49,H,0.0995,5,0.1277440987737,0.126418326026971,0.129563303934634,0.129563303934634,0.15,5
50,H,0.0995,5,0.113257658099146,0.112153754150109,0.115397934295757,0.115397934295757,0.15,5
51,H,0.0995,5,0.130929161912409,0.130691845433713,0.134073890216594,0.134073890216594,0.15,5
52,H,0.0995,5,0.113269463504067,0.112200777538305,0.115456763088874,0.115456763088874,0.15,5
53,H,0.0995,5,0.112571739544704,0.110878680008683,0.113436941599888,0.113436941599888,0.15,5
54,H,0.0995,5,0.113036612723439,0.11154472189081,0.114567856660751,0.114567856660751,0.15,5
55,H,0.0995,5,0.113114860951949,0.111719809892377,0.114821192890828,0.114821192890828,0.15,5
56,H,0.0995,5,0.113240932115954,0.112091162033921,0.115318616196377,0.115318616196377,0.15,5
57,H,0.0995,5,0.121648404666964,0.121496162462037,0.124880891950147,0.124880891950147,0.15,5
58,L,0.0837,5,0.113256513811949,0.112370712063071,0.114623622267446,0.114623622267446,0.15,5
59,L,0.0837,5,0.113318964859564,0.112599689986116,0.114915051237858,0.114915051237858,0.15,5
60,H,0.0995,5,0.113138551424101,0.111779533204474,0.114904606675077,0.114904606675077,0.15,5
61,L,0.0837,5,0.128014310616397,0.126971636070129,0.129122852147281,0.129122852147281,0.15,5
62,L,0.0837,5,0.165401369261367,0.165034558886203,0.167414244095244,0.167414244095244,0.15,5
63,L,0.0837,5,0.112952370905591,0.111776207593735,0.113724974892469,0.113724974892469,0.15,5
64,H,0.0995,5,0.113399772692885,0.113455262420579,0.116842011885426,0.116842011885426,0.15,5
65,H,0.0995,5,0.113394195326929,0.113674592480432,0.117066933553597,0.117066933553597,0.15,5
66,H,0.0995,5,0.11289004174779,0.111281662329837,0.114158226124128,0.114158226124128,0.15,5
67,H,0.0995,5,0.113227807271364,0.112044927890086,0.115259257207953,0.115259257207953,0.15,5
68,H,0.0995,5,0.112985764545045,0.111445423515914,0.11441771010746,0.11441771010746,0.15,5
69,L,0.0837,5,0.112644179487038,0.111464170038034,0.113104745918668,0.113104745918668,0.15,5
70,L,0.0837,5,0.121165497310223,0.120551136142053,0.122892907448667,0.122892907448667,0.15,5
71,L,0.0837,5,0.135425278909765,0.136367625046614,0.138696148303069,0.138696148303069,0.15,5
72,L,0.0837,5,0.128125715427503,0.128981035971152,0.131338913896005,0.131338913896005,0.15,5
73,L,0.0837,5,0.112717474132535,0.11152471231376,0.113238582839797,0.113238582839797,0.15,5
74,L,0.0837,5,0.137138577771498,0.1372789778992,0.138417517494118,0.138417517494118,0.15,5
75,H,0.0995,5,0.126281149418996,0.125154695159265,0.128390852542484,0.128390852542484,0.15,5
76,L,0.0837,5,0.116631870498619,0.116300622249767,0.118683649090935,0.118683649090935,0.15,5
77,L,0.0837,5,0.113223754664297,0.112276470445746,0.114496621502575,0.114496621502575,0.15,5
78,L,0.0837,5,0.112550244552413,0.11139574009329,0.112942381039414,0.112942381039414,0.15,5
79,L,0.0837,5,0.113384913295045,0.113034804043186,0.115416113729963,0.115416113729963,0.15,5
80,H,0.0995,5,0.114322173695837,0.112929153348647,0.116031936350698,0.116031936350698,0.15,5
81,H,0.0995,5,0.113114862311024,0.111719813217041,0.114821197574567,0.114821197574567,0.15,5
82,L,0.0837,5,0.11335402503151,0.112782124835404,0.115132546258902,0.115132546258902,0.15,5
83,L,0.0837,5,0.112963149870234,0.111790520648861,0.113750066912218,0.113750066912218,0.15,5
84,L,0.0837,5,0.136239744774085,0.136223400237367,0.138619768536284,0.138619768536284,0.15,5
85,H,0.0995,5,0.113315788449735,0.112416158608619,0.115718469104856,0.115718469104856,0.15,5
86,H,0.0995,5,0.134044239790085,0.133632684507223,0.137004904210898,0.137004904210898,0.15,5
87,L,0.0837,5,0.112403310879378,0.111305759009239,0.112705466282491,0.112705466282491,0.15,5
88,L,0.0837,5,0.112600042723066,0.111430831239447,0.113027270356165,0.113027270356165,0.15,5
89,H,0.0995,5,0.113270168119457,0.112203666693555,0.115460356859515,0.115460356859515,0.15,5
90,L,0.0837,5,0.115514463939545,0.114951098430612,0.117303134973676,0.117303134973676,0.15,5
91,L,0.0837,5,0.111664569022542,0.111056813281328,0.111717778698381,0.111717778698381,0.15,5
92,L,0.0837,5,0.112830734105085,0.111633297786078,0.113460428284503,0.113460428284503,0.15,5
93,L,0.0837,5,0.112951908930027,0.111775600939766,0.113723906262936,0.113723906262936,0.15,5
94,H,0.0995,5,0.128160400058448,0.128705028692119,0.13195202381393,0.13195202381393,0.15,5
95,H,0.0995,5,0.11468148836049,0.114505144264893,0.117889242712468,0.117889242712468,0.15,5
96,H,0.0995,5,0.111825541912461,0.110356260592975,0.112168324551937,0.112168324551937,0.15,5
97,H,0.0995,5,0.124384449343126,0.125248674693975,0.128604704923122,0.128604704923122,0.15,5
98,L,0.0837,5,0.112958373448708,0.111784140429306,0.113738910271145,0.113738910271145,0.15,5
99,H,0.0995,5,0.113328826935106,0.112489278664506,0.115804627646115,0.115804627646115,0.15,5
100,L,0.0837,5,0.117191125599866,0.11604616182016,0.118069399601672,0.118069399601672,0.15,5
101,L,0.0837,5,0.121112873138842,0.120046687410742,0.122175693319399,0.122175693319399,0.15,5
102,H,0.0995,5,0.113053082465569,0.111579113227156,0.114618717739226,0.114618717739226,0.15,5
103,L,0.0837,5,0.113122580291513,0.112046705023868,0.114165681708181,0.114165681708181,0.15,5
104,H,0.0995,5,0.112896596554197,0.111292053704783,0.114175172305482,0.114175172305482,0.15,5
105,H,0.0995,5,0.134324365163392,0.135218522183855,0.138557830140927,0.138557830140927,0.15,5
106,L,0.0837,5,0.11256692243681,0.111407208430895,0.112970527261396,0.112970527261396,0.15,5
107,H,0.0995,5,0.126935958582613,0.126823268829631,0.130208820855162,0.130208820855162,0.15,5
108,H,0.0995,5,0.113012108743203,0.111495641451232,0.114494272240937,0.114494272240937,0.15,5
109,L,0.0837,5,0.111339304284574,0.1110162637694,0.111351964448706,0.111351964448706,0.15,5
110,L,0.0837,5,0.121357169452668,0.121353934020754,0.1237503293081,0.1237503293081,0.15,5
111,L,0.0837,5,0.11257267771996,0.1114112312671,0.112980305380744,0.112980305380744,0.15,5
112,L,0.0837,5,0.121092890861575,0.120618648884248,0.122985334279034,0.122985334279034,0.15,5
113,L,0.0837,5,0.135027990675912,0.137041093928082,0.139413232453697,0.139413232453697,0.15,5
114,H,0.0995,5,0.116066308928294,0.116735001535572,0.120137672508267,0.120137672508267,0.15,5
115,H,0.0995,5,0.120753788141047,0.120649176634329,0.124034864841194,0.124034864841194,0.15,5
116,H,0.0995,5,0.113387809413826,0.113005822827428,0.116380154287757,0.116380154287757,0.15,5
117,L,0.0837,5,0.1367086642257,0.136068429120289,0.13840439413265,0.13840439413265,0.15,5
118,L,0.0837,5,0.112849608695935,0.111653475328698,0.113499480417945,0.113499480417945,0.15,5
119,H,0.0995,5,0.119620448693987,0.12029686129076,0.123678563449156,0.123678563449156,0.15,5
120,H,0.0995,5,0.112754523432187,0.111088504719871,0.11382955019856,0.11382955019856,0.15,5
121,L,0.0837,5,0.112869878324472,0.111675897477045,0.113542172194797,0.113542172194797,0.15,5
122,L,0.0837,5,0.125279307534508,0.12417043717322,0.126250228690482,0.126250228690482,0.15,5
123,L,0.0837,5,0.113332321698635,0.11266223671079,0.114990954801537,0.114990954801537,0.15,5
124,H,0.0995,5,0.11846252286094,0.117805134114092,0.121151476973224,0.121151476973224,0.15,5
125,H,0.0995,5,0.113322056030359,0.112450405217906,0.115758983294767,0.115758983294767,0.15,5
126,H,0.0995,5,0.112867019777347,0.111246012210674,0.114099554034522,0.114099554034522,0.15,5
127,H,0.0995,5,0.123100052594011,0.122762854320833,0.126140025735767,0.126140025735767,0.15,5
128,L,0.0837,5,0.112943199011256,0.111764265442481,0.113703860846895,0.113703860846895,0.15,5
129,H,0.0995,5,0.125691850148542,0.125313266275641,0.1286878284769,0.1286878284769,0.15,5
130,H,0.0995,5,0.121093428555437,0.120117579622681,0.123400929315348,0.123400929315348,0.15,5
131,L,0.0837,5,0.113290691869191,0.112485695678535,0.114772783940026,0.114772783940026,0.15,5
132,L,0.0837,5,0.113273072719031,0.112423898575195,0.114693367686594,0.114693367686594,0.15,5
133,H,0.0995,5,0.113120419055822,0.111733500749291,0.114840441851614,0.114840441851614,0.15,5
134,L,0.0837,5,0.112699258709442,0.111509020689468,0.113204675792436,0.113204675792436,0.15,5
135,H,0.0995,5,0.143670223905619,0.142467348263235,0.145673282780724,0.145673282780724,0.15,5
136,H,0.0995,5,0.142831132586613,0.143551803754272,0.146906465400936,0.146906465400936,0.15,5
137,L,0.0837,5,0.112817818211944,0.111619862291094,0.113434076896397,0.113434076896397,0.15,5
138,H,0.0995,5,0.123595614639302,0.123494419942594,0.126880162554092,0.126880162554092,0.15,5
139,L,0.0837,5,0.112179035532179,0.111199903300872,0.112375335227145,0.112375335227145,0.15,5
140,H,0.0995,5,0.125207315301811,0.124562615898045,0.127910701208598,0.127910701208598,0.15,5
141,L,0.0837,5,0.113381981582217,0.113002425964383,0.115380803938364,0.115380803938364,0.15,5
142,L,0.0837,5,0.112664688332152,0.111480430693619,0.113141515419342,0.113141515419342,0.15,5
143,H,0.0995,5,0.113370354952233,0.112795946040878,0.116152823039614,0.116152823039614,0.15,5
144,L,0.0837,5,0.112940190751503,0.111760394819672,0.113696981964338,0.113696981964338,0.15,5
145,L,0.0837,5,0.112955036052052,0.111779718189272,0.113731150634462,0.113731150634462,0.15,5
146,L,0.0837,5,0.123796266926459,0.122605671278964,0.124303724225474,0.124303724225474,0.15,5
147,H,0.0995,5,0.113043565923325,0.111559097635641,0.114589185605468,0.114589185605468,0.15,5
148,L,0.0837,5,0.112128899700503,0.111180507109545,0.112305803204187,0.112305803204187,0.15,5
149,L,0.0837,5,0.138757799563041,0.13765250922071,0.139737002116298,0.139737002116298,0.15,5
150,L,0.0837,5,0.115270769520912,0.114089721904877,0.116021795943178,0.116021795943178,0.15,5
151,H,0.0995,5,0.113040959507647,0.111553684699806,0.114581166253955,0.114581166253955,0.15,5
152,H,0.0995,5,0.113393921545761,0.113680854378174,0.117073470259883,0.117073470259883,0.15,5
153,H,0.0995,5,0.112633488721083,0.110944209402976,0.113564220170561,0.113564220170561,0.15,5
154,L,0.0837,5,0.132884700813868,0.131686514341214,0.133480055754364,0.133480055754364,0.15,5
155,L,0.0837,5,0.113228582189307,0.112289567542528,0.114514546124352,0.114514546124352,0.15,5
156,L,0.0837,5,0.112835638629373,0.111638477825013,0.113470512847719,0.113470512847719,0.15,5
157,L,0.0837,5,0.113212219410114,0.112246144673634,0.114454760476314,0.114454760476314,0.15,5
158,L,0.0837,5,0.118536791421013,0.117725760848058,0.120010578979348,0.120010578979348,0.15,5
159,H,0.0995,5,0.143817777585911,0.142727308370579,0.145976093006446,0.145976093006446,0.15,5
160,L,0.0837,5,0.113380782728812,0.112990021745421,0.11536720086601,0.11536720086601,0.15,5
161,L,0.0837,5,0.112996201331894,0.111836402742747,0.113829000467704,0.113829000467704,0.15,5
162,H,0.0995,5,0.11310613695436,0.111698695200366,0.114791354201227,0.114791354201227,0.15,5
163,H,0.0995,5,0.112834917941396,0.111198377990925,0.114019817978822,0.114019817978822,0.15,5
164,H,0.0995,5,0.112893929761205,0.111287812787173,0.11416826459488,0.11416826459488,0.15,5
165,H,0.0995,5,0.124323241641411,0.124294134521853,0.127680593481117,0.127680593481117,0.15,5
166,H,0.0995,5,0.113394245764251,0.113126563646895,0.116507331457649,0.116507331457649,0.15,5
167,H,0.0995,5,0.121084144059202,0.119732276844818,0.122861779853577,0.122861779853577,0.15,5
168,H,0.0995,5,0.112732198704444,0.111060128567307,0.113778849318252,0.113778849318252,0.15,5
169,H,0.0995,5,0.113008785694517,0.111489166634026,0.114484474375045,0.114484474375045,0.15,5
170,L,0.0837,5,0.113263295688438,0.11239198124893,0.114651673329771,0.114651673329771,0.15,5
171,H,0.0995,5,0.113382557734647,0.112333365674957,0.115595529614117,0.115595529614117,0.15,5
172,H,0.0995,5,0.111959159860937,0.110422950644573,0.11236863255201,0.11236863255201,0.15,5
173,L,0.0837,5,0.113365156828753,0.112856922585825,0.115218475806488,0.115218475806488,0.15,5
174,H,0.0995,5,0.113298994281035,0.112331291063,0.115616807390538,0.115616807390538,0.15,5
175,L,0.0837,5,0.124535128778583,0.124296115900367,0.12668587187977,0.12668587187977,0.15,5
176,H,0.0995,5,0.113142265089813,0.111789232883971,0.114918020020286,0.114918020020286,0.15,5
177,H,0.0995,5,0.112825110936109,0.111184280177541,0.113995913160152,0.113995913160152,0.15,5
178,L,0.0837,5,0.132001708006122,0.131076417582072,0.133309098010943,0.133309098010943,0.15,5
179,L,0.0837,5,0.111243929050903,0.111009951417437,0.111250276863132,0.111250276863132,0.15,5
180,H,0.0995,5,0.112881071596883,0.111267617423471,0.114135211066855,0.114135211066855,0.15,5
181,L,0.0837,5,0.127051101036317,0.126592532109027,0.128961408640858,0.128961408640858,0.15,5
182,L,0.0837,5,0.113197596980978,0.112209509814581,0.114403503188167,0.114403503188167,0.15,5
183,L,0.0837,5,0.113048427510229,0.111915808828404,0.113960632731595,0.113960632731595,0.15,5
184,L,0.0837,5,0.118412545936929,0.11781356475143,0.120158590977305,0.120158590977305,0.15,5
185,L,0.0837,5,0.113629663672637,0.113934726218466,0.116340175479738,0.116340175479738,0.15,5
186,H,0.0995,5,0.113209077564378,0.111982739563682,0.115178339174562,0.115178339174562,0.15,5
187,H,0.0995,5,0.112424860039729,0.110740675502415,0.113152057588645,0.113152057588645,0.15,5
188,H,0.0995,5,0.144354506109841,0.14382618822669,0.147188084183996,0.147188084183996,0.15,5
189,L,0.0837,5,0.113174313547332,0.112154857833514,0.114325567773518,0.114325567773518,0.15,5
190,L,0.0837,5,0.121805782244686,0.120608942987418,0.122365208671925,0.122365208671925,0.15,5
191,H,0.0995,5,0.113301476069534,0.112343269044947,0.115631267160983,0.115631267160983,0.15,5
192,L,0.0837,5,0.113309044398714,0.112557219713349,0.114862660504286,0.114862660504286,0.15,5
193,L,0.0837,5,0.113121108917195,0.112043857637518,0.114161362947517,0.114161362947517,0.15,5
194,L,0.0837,5,0.153321847272057,0.15608001469479,0.158192391510692,0.158192391510692,0.15,5
195,L,0.0837,5,0.112646820671687,0.111466235901768,0.113109452967049,0.113109452967049,0.15,5
196,L,0.0837,5,0.112581216429963,0.111417262544432,0.112994875368069,0.112994875368069,0.15,5
197,H,0.0995,5,0.113259739810442,0.112161863694814,0.115408125551759,0.115408125551759,0.15,5
198,L,0.0837,5,0.118037613263578,0.1171453479889,0.119395127641184,0.119395127641184,0.15,5
199,H,0.0995,5,0.139816398691586,0.139412444148716,0.142785225136661,0.142785225136661,0.15,5
200,H,0.0995,5,0.112940756657572,0.11136505994594,0.114292338650014,0.114292338650014,0.15,5
1,H,0.0995,7,0.112474338978576,0.110784603859155,0.113245464895771,0.113245464895771,0.15,7
2,L,0.0837,7,0.130646637627826,0.129580632988054,0.13170982097739,0.13170982097739,0.15,7
3,L,0.0837,7,0.113222050886501,0.112271906819931,0.114490354089251,0.114490354089251,0.15,7
4,L,0.0837,7,0.111354226407881,0.111017462623872,0.111368085417348,0.111368085417348,0.15,7
5,L,0.0837,7,0.118144278241419,0.117732473919159,0.12010727283097,0.12010727283097,0.15,7
6,L,0.0837,7,0.113363784098788,0.112847021006684,0.115207201487521,0.115207201487521,0.15,7
7,L,0.0837,7,0.113036902685567,0.11189748738346,0.113930786452391,0.113930786452391,0.15,7
8,L,0.0837,7,0.111735198083486,0.111070042675131,0.111801637143837,0.111801637143837,0.15,7
9,L,0.0837,7,0.113353822470538,0.112780866576032,0.115131085428706,0.115131085428706,0.15,7
10,H,0.0995,7,0.113350029451917,0.112627227908476,0.115963779419657,0.115963779419657,0.15,7
11,H,0.0995,7,0.112086935652283,0.110495614235632,0.112569071945657,0.112569071945657,0.15,7
12,H,0.0995,7,0.113385084252943,0.112965415997339,0.116337022309721,0.116337022309721,0.15,7
13,H,0.0995,7,0.113333615316752,0.112518095289936,0.115838232665893,0.115838232665893,0.15,7
14,L,0.0837,7,0.112018112961657,0.111142354569165,0.112156863915739,0.112156863915739,0.15,7
15,L,0.0837,7,0.112246005900727,0.11122807929236,0.112470481577739,0.112470481577739,0.15,7
16,H,0.0995,7,0.113322637575844,0.112453664119041,0.115762823754055,0.115762823754055,0.15,7
17,L,0.0837,7,0.113175100983219,0.112156638551891,0.114328135918091,0.114328135918091,0.15,7
18,L,0.0837,7,0.115527574281264,0.114836203191863,0.117159368208491,0.117159368208491,0.15,7
19,H,0.0995,7,0.117322137475991,0.116696993495255,0.120047668877314,0.120047668877314,0.15,7
20,L,0.0837,7,0.112661953602663,0.11147823306345,0.113136583050193,0.113136583050193,0.15,7
21,H,0.0995,7,0.113081952540279,0.111642403237635,0.114710877836605,0.114710877836605,0.15,7
22,L,0.0837,7,0.138285722567127,0.138416516732069,0.140811219710444,0.140811219710444,0.15,7
23,H,0.0995,7,0.120675356016294,0.11997146356877,0.123310988893835,0.123310988893835,0.15,7
24,L,0.0837,7,0.113066432911533,0.111945429536808,0.114008258831632,0.114008258831632,0.15,7
25,L,0.0837,7,0.113191522548086,0.112194837301143,0.114382756232156,0.114382756232156,0.15,7
26,H,0.0995,7,0.113047927184746,0.111568220850653,0.11460267009404,0.11460267009404,0.15,7
27,L,0.0837,7,0.122985879952615,0.121813761454413,0.123774791760457,0.123774791760457,0.15,7
28,H,0.0995,7,0.112926028346096,0.111340108630496,0.114252659035077,0.114252659035077,0.15,7
29,H,0.0995,7,0.112929190834014,0.111345413656135,0.114261126548637,0.114261126548637,0.15,7
30,H,0.0995,7,0.135909847266562,0.136184759902976,0.139566114369793,0.139566114369793,0.15,7
31,H,0.0995,7,0.113390619169791,0.112450825798188,0.11574350439479,0.11574350439479,0.15,7
32,H,0.0995,7,0.133746056595384,0.132425226165243,0.135573019694599,0.135573019694599,0.15,7
33,H,0.0995,7,0.11297428801002,0.111424309866624,0.114385119935188,0.114385119935188,0.15,7
34,H,0.0995,7,0.113181440519342,0.111897912509646,0.115065875087839,0.115065875087839,0.15,7
35,H,0.0995,7,0.113354567150845,0.112660934677588,0.116002023887715,0.116002023887715,0.15,7
36,H,0.0995,7,0.135067291068529,0.13426929362965,0.137592778392516,0.137592778392516,0.15,7
37,H,0.0995,7,0.112974903027652,0.111425430104846,0.114386855191042,0.114386855191042,0.15,7
38,L,0.0837,7,0.112446945335663,0.111330541283969,0.112773883004026,0.112773883004026,0.15,7
39,L,0.0837,7,0.113363709389977,0.112846488311415,0.115206594083442,0.115206594083442,0.15,7
40,H,0.0995,7,0.113355877108314,0.11267101708923,0.116013416256831,0.116013416256831,0.15,7
41,L,0.0837,7,0.111836228687265,0.111092122582715,0.111924747655095,0.111924747655095,0.15,7
42,H,0.0995,7,0.112634902300049,0.110945768435281,0.113567192793511,0.113567192793511,0.15,7
43,H,0.0995,7,0.122948707660606,0.122049577877368,0.125352003513594,0.125352003513594,0.15,7
44,L,0.0837,7,0.112242149832808,0.111226383227203,0.112464929444668,0.112464929444668,0.15,7
45,H,0.0995,7,0.113399872831793,0.113358622569036,0.116745017460462,0.116745017460462,0.15,7
46,H,0.0995,7,0.113118425905951,0.111728569355485,0.114833517320181,0.114833517320181,0.15,7
47,L,0.0837,7,0.112463783398743,0.111340522284689,0.112800702067803,0.112800702067803,0.15,7
48,L,0.0837,7,0.133843514453327,0.132667563273849,0.134290469267259,0.134290469267259,0.15,7
49,H,0.0995,7,0.112987810984161,0.111449235618539,0.114423568661261,0.114423568661261,0.15,7
50,L,0.0837,7,0.113090524568431,0.111987121442839,0.114074042394498,0.114074042394498,0.15,7
51,L,0.0837,7,0.113303421776082,0.112534414599915,0.114834232758458,0.114834232758458,0.15,7
52,L,0.0837,7,0.112552508580483,0.111397280618973,0.112946185583702,0.112946185583702,0.15,7
53,L,0.0837,7,0.112916407763285,0.111730567662994,0.113643371809909,0.113643371809909,0.15,7
54,L,0.0837,7,0.122335193047591,0.121783588007953,0.124137785679792,0.124137785679792,0.15,7
55,L,0.0837,7,0.112991944951782,0.111830317294285,0.113818658629536,0.113818658629536,0.15,7
56,H,0.0995,7,0.112236952114306,0.11059382261821,0.112817296790367,0.112817296790367,0.15,7
57,H,0.0995,7,0.11305933465015,0.111592484056069,0.114638340764876,0.114638340764876,0.15,7
58,L,0.0837,7,0.124750186283092,0.123566691479181,0.125489368295501,0.125489368295501,0.15,7
59,L,0.0837,7,0.112405960982129,0.111307220888066,0.112709578254643,0.112709578254643,0.15,7
60,H,0.0995,7,0.136151330420072,0.135570756808234,0.138926919063903,0.138926919063903,0.15,7
61,L,0.0837,7,0.112860142699004,0.111665027986736,0.11352156706948,0.11352156706948,0.15,7
62,H,0.0995,7,0.118821044074468,0.118619682695094,0.12200301912492,0.12200301912492,0.15,7
63,L,0.0837,7,0.112678733344399,0.111491863050376,0.113166992778829,0.113166992778829,0.15,7
64,H,0.0995,7,0.113385967487441,0.112978044379012,0.116350533925898,0.116350533925898,0.15,7
65,L,0.0837,7,0.125521755714932,0.124336678541284,0.126252801062018,0.126252801062018,0.15,7
66,L,0.0837,7,0.112343755307423,0.111274307548221,0.112614459240174,0.112614459240174,0.15,7
67,H,0.0995,7,0.113219328261361,0.112016256415172,0.115222106735455,0.115222106735455,0.15,7
68,H,0.0995,7,0.12125822179629,0.120372327828284,0.123677759168653,0.123677759168653,0.15,7
69,H,0.0995,7,0.113317669383671,0.112426272952568,0.115730464395394,0.115730464395394,0.15,7
70,L,0.0837,7,0.112398517684397,0.111303128795654,0.112698042864509,0.112698042864509,0.15,7
71,L,0.0837,7,0.112517094756865,0.111373753502889,0.11288724464405,0.11288724464405,0.15,7
72,H,0.0995,7,0.113365541803385,0.112751249758382,0.116103313621096,0.116103313621096,0.15,7
73,L,0.0837,7,0.113223170170134,0.11227490145878,0.114494468011728,0.114494468011728,0.15,7
74,H,0.0995,7,0.112869458105974,0.111249727226283,0.114105707390676,0.114105707390676,0.15,7
75,H,0.0995,7,0.112877294402957,0.111261762885746,0.114125579347132,0.114125579347132,0.15,7
76,H,0.0995,7,0.126092012416447,0.12469760205868,0.1277994276702,0.1277994276702,0.15,7
77,H,0.0995,7,0.112383306222141,0.110705599118203,0.113075427398309,0.113075427398309,0.15,7
78,H,0.0995,7,0.113219809770573,0.112017860962577,0.115224192792072,0.115224192792072,0.15,7
79,L,0.0837,7,0.132924250664646,0.132564128480523,0.134944476126487,0.134944476126487,0.15,7
80,L,0.0837,7,0.113138450827683,0.112078166085846,0.114213013296623,0.114213013296623,0.15,7
81,L,0.0837,7,0.114907387937987,0.113717114609274,0.11560789469898,0.11560789469898,0.15,7
82,L,0.0837,7,0.113364498309996,0.112852145460063,0.115213040152102,0.115213040152102,0.15,7
83,H,0.0995,7,0.127621747095361,0.126857019679933,0.130186538274442,0.130186538274442,0.15,7
84,L,0.0837,7,0.11267087712264,0.111485437985794,0.113152711492501,0.113152711492501,0.15,7
85,L,0.0837,7,0.111447928213512,0.111026363596369,0.111470688195386,0.111470688195386,0.15,7
86,H,0.0995,7,0.113364422134792,0.112741358231683,0.116092302425799,0.116092302425799,0.15,7
87,H,0.0995,7,0.112597525807562,0.110905447323019,0.113489495188727,0.113489495188727,0.15,7
88,L,0.0837,7,0.11304757873383,0.111914442963989,0.113958418081157,0.113958418081157,0.15,7
89,L,0.0837,7,0.111686085830665,0.111060659785072,0.111743142001007,0.111743142001007,0.15,7
90,L,0.0837,7,0.113120000872736,0.112041720877912,0.114158118133796,0.114158118133796,0.15,7
91,H,0.0995,7,0.117744770434502,0.11772344843013,0.121109936717127,0.121109936717127,0.15,7
92,H,0.0995,7,0.113119032263713,0.111730066987111,0.114835621309571,0.114835621309571,0.15,7
93,L,0.0837,7,0.112486463725421,0.111354350537947,0.112837210647707,0.112837210647707,0.15,7
94,H,0.0995,7,0.143964198260579,0.144347701583163,0.14727167631296,0.14727167631296,0.15,7
95,H,0.0995,7,0.112425498048269,0.110741226655875,0.113153246762143,0.113153246762143,0.15,7
96,H,0.0995,7,0.112282334788924,0.110626651010184,0.112895507856993,0.112895507856993,0.15,7
97,H,0.0995,7,0.120074924867227,0.119842754773572,0.123224998924067,0.123224998924067,0.15,7
98,L,0.0837,7,0.112345182033511,0.111275030554493,0.112616608972532,0.112616608972532,0.15,7
99,H,0.0995,7,0.112720389285843,0.111045460641064,0.11375237198517,0.11375237198517,0.15,7
100,H,0.0995,7,0.112820289787902,0.111177424420937,0.113984236267204,0.113984236267204,0.15,7
101,L,0.0837,7,0.113309955638635,0.114238264727595,0.116725443171173,0.116725443171173,0.15,7
102,L,0.0837,7,0.114747416510627,0.115185394856795,0.117596192899058,0.117596192899058,0.15,7
103,H,0.0995,7,0.112464936877191,0.110776067826247,0.113227526761469,0.113227526761469,0.15,7
104,L,0.0837,7,0.128080043004947,0.127956825763969,0.130351551110089,0.130351551110089,0.15,7
105,H,0.0995,7,0.133544628480912,0.131881271042826,0.13463123209936,0.13463123209936,0.15,7
106,L,0.0837,7,0.112580262586764,0.111416585044455,0.112993244015424,0.112993244015424,0.15,7
107,H,0.0995,7,0.1131503223173,0.11181061381543,0.114947458191527,0.114947458191527,0.15,7
108,L,0.0837,7,0.113255486145566,0.112367547443539,0.114619429971791,0.114619429971791,0.15,7
109,H,0.0995,7,0.112425862500012,0.110741541667801,0.113153926225812,0.113153926225812,0.15,7
110,H,0.0995,7,0.113193528787467,0.111934084518966,0.115114135365306,0.115114135365306,0.15,7
111,L,0.0837,7,0.116857443162009,0.116679509188043,0.119072331964461,0.119072331964461,0.15,7
112,H,0.0995,7,0.113346506946275,0.112602245954996,0.115935274960521,0.115935274960521,0.15,7
113,H,0.0995,7,0.112758227979557,0.111093297773622,0.11383804781148,0.11383804781148,0.15,7
114,L,0.0837,7,0.134058801106,0.133056430101361,0.13427141740367,0.13427141740367,0.15,7
115,L,0.0837,7,0.113024639141182,0.114915214064695,0.117693250002168,0.117693250002168,0.15,7
116,H,0.0995,7,0.11292940503239,0.111345773997504,0.114261701088383,0.114261701088383,0.15,7
117,H,0.0995,7,0.113221211067856,0.112022546456986,0.115230279583767,0.115230279583767,0.15,7
118,L,0.0837,7,0.112822851633721,0.111625063097828,0.113444311115358,0.113444311115358,0.15,7
119,L,0.0837,7,0.112685522550901,0.111497478251811,0.113179397186755,0.113179397186755,0.15,7
120,L,0.0837,7,0.122435121632405,0.122750147841484,0.12513736277662,0.12513736277662,0.15,7
121,L,0.0837,7,0.119324133888691,0.119833541536892,0.122229097296619,0.122229097296619,0.15,7
122,H,0.0995,7,0.113278643403117,0.112239207165922,0.115504372628091,0.115504372628091,0.15,7
123,H,0.0995,7,0.127197334479726,0.125551917895148,0.12835251527291,0.12835251527291,0.15,7
124,H,0.0995,7,0.128283866428591,0.127956326010512,0.13133405495907,0.13133405495907,0.15,7
125,H,0.0995,7,0.12204764780804,0.121923496768592,0.125308837247056,0.125308837247056,0.15,7
126,L,0.0837,7,0.112599792747146,0.111430648591787,0.113026837723109,0.113026837723109,0.15,7
127,H,0.0995,7,0.112721584635765,0.111046934810018,0.113755041504047,0.113755041504047,0.15,7
128,L,0.0837,7,0.113131643910771,0.112064501269196,0.114192541563081,0.114192541563081,0.15,7
129,L,0.0837,7,0.112862307562296,0.111667428812822,0.113526132758854,0.113526132758854,0.15,7
130,L,0.0837,7,0.13001339420783,0.129353646863195,0.131684943931715,0.131684943931715,0.15,7
131,L,0.0837,7,0.119296343474806,0.118212528190059,0.120322841254977,0.120322841254977,0.15,7
132,H,0.0995,7,0.112937121829284,0.111358843722102,0.114282487609884,0.114282487609884,0.15,7
133,L,0.0837,7,0.113150600694299,0.112103230359182,0.114250227436538,0.114250227436538,0.15,7
134,H,0.0995,7,0.114785156745771,0.113639808583028,0.116868946426559,0.116868946426559,0.15,7
135,L,0.0837,7,0.121320880805434,0.120777373578924,0.123133016914037,0.123133016914037,0.15,7
136,L,0.0837,7,0.117750802965224,0.11657665821518,0.11853169569046,0.11853169569046,0.15,7
137,H,0.0995,7,0.13426496383683,0.133999482652817,0.137380348923876,0.137380348923876,0.15,7
138,L,0.0837,7,0.112980507083474,0.111814228522513,0.113791131989482,0.113791131989482,0.15,7
139,H,0.0995,7,0.141224468293126,0.13991316305462,0.143066284953627,0.143066284953627,0.15,7
140,L,0.0837,7,0.112860078870883,0.111664957340628,0.11352143259525,0.11352143259525,0.15,7
141,H,0.0995,7,0.123321813474412,0.122099596466149,0.125297050815822,0.125297050815822,0.15,7
142,L,0.0837,7,0.122398589183955,0.121200435256011,0.122990426319515,0.122990426319515,0.15,7
143,L,0.0837,7,0.112348927810116,0.111276935689521,0.11262225988416,0.11262225988416,0.15,7
144,H,0.0995,7,0.119544616591601,0.118414288910237,0.121649029868543,0.121649029868543,0.15,7
145,L,0.0837,7,0.113043911976795,0.111908572866844,0.113948881226985,0.113948881226985,0.15,7
146,H,0.0995,7,0.124073135498957,0.124876533134847,0.128233747757964,0.128233747757964,0.15,7
147,H,0.0995,7,0.111549500855985,0.110243801171024,0.111779824084405,0.111779824084405,0.15,7
148,L,0.0837,7,0.113235351420742,0.112308363157012,0.114540110960522,0.114540110960522,0.15,7
149,H,0.0995,7,0.121339542882059,0.119947896509541,0.12305162213561,0.12305162213561,0.15,7
150,L,0.0837,7,0.112776296538174,0.111578593450626,0.113351286372692,0.113351286372692,0.15,7
151,H,0.0995,7,0.128319368898015,0.127103948827384,0.130304425027504,0.130304425027504,0.15,7
152,L,0.0837,7,0.112473754914038,0.111346546842149,0.112816698140544,0.112816698140544,0.15,7
153,H,0.0995,7,0.132871256090981,0.132848490910889,0.136234974482742,0.136234974482742,0.15,7
154,L,0.0837,7,0.113311581929356,0.112567799261876,0.114875777573648,0.114875777573648,0.15,7
155,L,0.0837,7,0.113090800665063,0.111987613811481,0.114074810859772,0.114074810859772,0.15,7
156,L,0.0837,7,0.124944401064031,0.125777899261241,0.128156984646811,0.128156984646811,0.15,7
157,L,0.0837,7,0.112586939452002,0.111421347536449,0.113004683372647,0.113004683372647,0.15,7
158,H,0.0995,7,0.113294017952356,0.111874862412299,0.114958973653064,0.114958973653064,0.15,7
159,L,0.0837,7,0.113150605032505,0.112103239468544,0.114250240884107,0.114250240884107,0.15,7
160,H,0.0995,7,0.118550006344028,0.119068213749393,0.122450363155893,0.122450363155893,0.15,7
161,H,0.0995,7,0.119650437979728,0.120079108227643,0.123455422051479,0.123455422051479,0.15,7
162,L,0.0837,7,0.1126684730716,0.111483487267991,0.113148356723662,0.113148356723662,0.15,7
163,H,0.0995,7,0.11976648713039,0.118888826826422,0.122196088178462,0.122196088178462,0.15,7
164,L,0.0837,7,0.129637308011549,0.130330509926113,0.132687521392879,0.132687521392879,0.15,7
165,L,0.0837,7,0.128599951285743,0.128596388332653,0.130992783322888,0.130992783322888,0.15,7
166,L,0.0837,7,0.113322691798949,0.112616468852348,0.114935557033649,0.114935557033649,0.15,7
167,H,0.0995,7,0.113292054622089,0.112298715206089,0.115577291887263,0.115577291887263,0.15,7
168,H,0.0995,7,0.113086233654296,0.111652139175561,0.114724894888553,0.114724894888553,0.15,7
169,H,0.0995,7,0.116184578495229,0.116682501169326,0.120074525278141,0.120074525278141,0.15,7
170,L,0.0837,7,0.112666188894178,0.111481640443616,0.113144225721868,0.113144225721868,0.15,7
171,L,0.0837,7,0.112096517782671,0.111168706345322,0.112261620512822,0.112261620512822,0.15,7
172,H,0.0995,7,0.113785851876293,0.114822558704918,0.118284369135053,0.118284369135053,0.15,7
173,L,0.0837,7,0.113029827322743,0.111886473680322,0.113912697386446,0.113912697386446,0.15,7
174,H,0.0995,7,0.130993272381416,0.130759210600929,0.134141382062321,0.134141382062321,0.15,7
175,L,0.0837,7,0.113043715022196,0.111908258955757,0.113948370361301,0.113948370361301,0.15,7
176,L,0.0837,7,0.113399968681444,0.11338270484459,0.115779069907398,0.115779069907398,0.15,7
177,L,0.0837,7,0.112037731077891,0.111148663318238,0.112182790781024,0.112182790781024,0.15,7
178,L,0.0837,7,0.141508682446347,0.140829741115665,0.14315618922675,0.14315618922675,0.15,7
179,L,0.0837,7,0.113200398896931,0.112216382583249,0.114413177863076,0.114413177863076,0.15,7
180,L,0.0837,7,0.112277425992009,0.111242249431664,0.112516071808286,0.112516071808286,0.15,7
181,L,0.0837,7,0.115042500938675,0.113844475432192,0.115656071480659,0.115656071480659,0.15,7
182,L,0.0837,7,0.112885404372681,0.111693627263794,0.113575428020166,0.113575428020166,0.15,7
183,L,0.0837,7,0.129049515753702,0.130269768383037,0.132638136016217,0.132638136016217,0.15,7
184,L,0.0837,7,0.113080659776626,0.111969750823124,0.114046806983005,0.114046806983005,0.15,7
185,L,0.0837,7,0.112793262838721,0.111595113011572,0.113384772234156,0.113384772234156,0.15,7
186,L,0.0837,7,0.113120754760581,0.112043173980037,0.114160325123764,0.114160325123764,0.15,7
187,H,0.0995,7,0.113211605306232,0.11199089316465,0.115189020529789,0.115189020529789,0.15,7
188,L,0.0837,7,0.119517965584853,0.118915615346418,0.121259940677936,0.121259940677936,0.15,7
189,H,0.0995,7,0.114364624497912,0.113732421902147,0.117082175552069,0.117082175552069,0.15,7
190,H,0.0995,7,0.113096632995178,0.111676192567332,0.114759347621222,0.114759347621222,0.15,7
191,H,0.0995,7,0.113047050612122,0.111566380492701,0.114599953163463,0.114599953163463,0.15,7
192,H,0.0995,7,0.136315008925839,0.135738475406699,0.139095107293316,0.139095107293316,0.15,7
193,L,0.0837,7,0.112816573957386,0.111618583486674,0.113431553827881,0.113431553827881,0.15,7
194,H,0.0995,7,0.112995724217341,0.111464114377259,0.114446360653172,0.114446360653172,0.15,7
195,L,0.0837,7,0.121793827624762,0.121807562204168,0.124203938986662,0.124203938986662,0.15,7
196,H,0.0995,7,0.113316912493788,0.11242218662192,0.115725621174862,0.115725621174862,0.15,7
197,L,0.0837,7,0.114314237261955,0.113116827454822,0.114882995183959,0.114882995183959,0.15,7
198,L,0.0837,7,0.113240071656781,0.112321781811015,0.114558249850546,0.114558249850546,0.15,7
199,L,0.0837,7,0.112937103799268,0.111756446298865,0.11368994648172,0.11368994648172,0.15,7
200,L,0.0837,7,0.11326572101685,0.112399755868865,0.114661873268358,0.114661873268358,0.15,7
1,L,0.0837,9,0.112446373029041,0.111330206221433,0.112772975626282,0.112772975626282,0.15,9
2,L,0.0837,9,0.117012807734372,0.115814826618764,0.117595887067095,0.117595887067095,0.15,9
3,H,0.0995,9,0.113356274390021,0.112674108192844,0.116016906327273,0.116016906327273,0.15,9
4,L,0.0837,9,0.116742817152497,0.116066308855722,0.118393386170392,0.118393386170392,0.15,9
5,H,0.0995,9,0.113105251946458,0.111696578109342,0.114788353666221,0.114788353666221,0.15,9
6,H,0.0995,9,0.113148765391635,0.11180644568812,0.114941734707676,0.114941734707676,0.15,9
7,L,0.0837,9,0.125171752788477,0.123975995609264,0.125717990543234,0.125717990543234,0.15,9
8,L,0.0837,9,0.112761925144748,0.111564955127101,0.11332327664626,0.11332327664626,0.15,9
9,H,0.0995,9,0.112773232059609,0.111112963933147,0.113872719494914,0.113872719494914,0.15,9
10,L,0.0837,9,0.127233333202065,0.12638965231295,0.128661443847364,0.128661443847364,0.15,9
11,L,0.0837,9,0.133009021654343,0.132372151323514,0.134708895445707,0.134708895445707,0.15,9
12,H,0.0995,9,0.113388988115667,0.113024789207278,0.116400301105936,0.116400301105936,0.15,9
13,H,0.0995,9,0.125583302630674,0.124005702750004,0.126930308748098,0.126930308748098,0.15,9
14,H,0.0995,9,0.113102399712905,0.111689785621062,0.114778708943283,0.114778708943283,0.15,9
15,L,0.0837,9,0.132518483701452,0.131395474551988,0.133455329363807,0.133455329363807,0.15,9
16,H,0.0995,9,0.125845808509552,0.124642688202953,0.12784851955197,0.12784851955197,0.15,9
17,H,0.0995,9,0.125900145416088,0.124947141644869,0.128236481680607,0.128236481680607,0.15,9
18,H,0.0995,9,0.112592794935441,0.110900473900915,0.113479792290343,0.113479792290343,0.15,9
19,H,0.0995,9,0.113034318074199,0.111540022559481,0.114560864217789,0.114560864217789,0.15,9
20,L,0.0837,9,0.113050314665481,0.111918855268113,0.113965566306321,0.113965566306321,0.15,9
21,H,0.0995,9,0.119709997755826,0.118959973916978,0.122292031522091,0.122292031522091,0.15,9
22,H,0.0995,9,0.112694875092665,0.111014544997862,0.113695943571125,0.113695943571125,0.15,9
23,L,0.0837,9,0.114228645307927,0.113042241369554,0.114714763942263,0.114714763942263,0.15,9
24,H,0.0995,9,0.113188558307863,0.111919044632382,0.115094126585351,0.115094126585351,0.15,9
25,L,0.0837,9,0.112880062035314,0.111687470741119,0.11356392915022,0.11356392915022,0.15,9
26,H,0.0995,9,0.11258800454332,0.110895466840381,0.113469994836475,0.113469994836475,0.15,9
27,H,0.0995,9,0.113277831940062,0.112235739160456,0.115500094790361,0.115500094790361,0.15,9
28,H,0.0995,9,0.115120148817243,0.114247284750354,0.117555600109127,0.117555600109127,0.15,9
29,L,0.0837,9,0.112373647480316,0.111289763607113,0.11265980746352,0.11265980746352,0.15,9
30,H,0.0995,9,0.112864926932748,0.111242834787512,0.114094285249164,0.114094285249164,0.15,9
31,L,0.0837,9,0.112682006000944,0.11149456246965,0.11317296484539,0.11317296484539,0.15,9
32,L,0.0837,9,0.113397193200312,0.11356121602503,0.115960423251485,0.115960423251485,0.15,9
33,L,0.0837,9,0.113033120756543,0.111891578622434,0.113921095751823,0.113921095751823,0.15,9
34,H,0.0995,9,0.118256575251379,0.117352152390431,0.1206533555652,0.1206533555652,0.15,9
35,L,0.0837,9,0.112214881533629,0.111214650458789,0.112425928369093,0.112425928369093,0.15,9
36,H,0.0995,9,0.112449477927784,0.110762227795979,0.113198229142711,0.113198229142711,0.15,9
37,H,0.0995,9,0.113034208526186,0.111539798760005,0.114560530870261,0.114560530870261,0.15,9
38,H,0.0995,9,0.112726120351906,0.111052549950799,0.113765193791772,0.113765193791772,0.15,9
39,L,0.0837,9,0.143444713065,0.142305226223601,0.143807936245295,0.143807936245295,0.15,9
40,L,0.0837,9,0.126306434145063,0.126351182047941,0.128747373227727,0.128747373227727,0.15,9
41,H,0.0995,9,0.113254112449876,0.112140111743244,0.115380747869974,0.115380747869974,0.15,9
42,H,0.0995,9,0.112480936015732,0.110790647656881,0.113258107099045,0.113258107099045,0.15,9
43,L,0.0837,9,0.113190850925477,0.112193233691483,0.114380480988559,0.114380480988559,0.15,9
44,L,0.0837,9,0.121626949970057,0.122191995894601,0.124579126488811,0.124579126488811,0.15,9
45,L,0.0837,9,0.113211069984591,0.114554563724036,0.117142132164693,0.117142132164693,0.15,9
46,L,0.0837,9,0.113174178089313,0.112154551958787,0.114325126419852,0.114325126419852,0.15,9
47,L,0.0837,9,0.112557663612795,0.11140080729116,0.112954867279304,0.112954867279304,0.15,9
48,L,0.0837,9,0.113371899643968,0.11389076850356,0.115432544968096,0.115432544968096,0.15,9
49,L,0.0837,9,0.11139632650919,0.111021164631307,0.111413887519679,0.111413887519679,0.15,9
50,L,0.0837,9,0.111643855096458,0.111053258428845,0.111693509903793,0.111693509903793,0.15,9
51,H,0.0995,9,0.11289134716973,0.111283723098859,0.114161593805552,0.114161593805552,0.15,9
52,L,0.0837,9,0.112945258172852,0.111766927960328,0.113708582506589,0.113708582506589,0.15,9
53,L,0.0837,9,0.113092784708793,0.111991162117957,0.114080343199169,0.114080343199169,0.15,9
54,L,0.0837,9,0.112360595551251,0.111282934840041,0.112639926767433,0.112639926767433,0.15,9
55,L,0.0837,9,0.112232891513035,0.111222348646619,0.112451636536265,0.112451636536265,0.15,9
56,L,0.0837,9,0.128324297366326,0.129154402490396,0.131510394136706,0.131510394136706,0.15,9
57,H,0.0995,9,0.113110302928049,0.111708722038326,0.114805548578768,0.114805548578768,0.15,9
58,L,0.0837,9,0.112193724292831,0.111205855272227,0.112395975941808,0.112395975941808,0.15,9
59,L,0.0837,9,0.113076792270902,0.111963055639953,0.114036244283393,0.114036244283393,0.15,9
60,H,0.0995,9,0.116122316608993,0.115359765130842,0.118689665996637,0.118689665996637,0.15,9
61,H,0.0995,9,0.113337086149252,0.112539747251291,0.115863357129034,0.115863357129034,0.15,9
62,L,0.0837,9,0.111415209045755,0.11102298126884,0.111434586693728,0.111434586693728,0.15,9
63,H,0.0995,9,0.113260888519382,0.112166371015662,0.115413783215507,0.115413783215507,0.15,9
64,H,0.0995,9,0.113284503139239,0.112264684860072,0.115535711693003,0.115535711693003,0.15,9
65,H,0.0995,9,0.112612390934551,0.110921262198292,0.113520176591822,0.113520176591822,0.15,9
66,L,0.0837,9,0.118516253447525,0.117330085609228,0.119001306154897,0.119001306154897,0.15,9
67,L,0.0837,9,0.112545522694294,0.111392543445867,0.112934462515563,0.112934462515563,0.15,9
68,L,0.0837,9,0.113345660380659,0.112732621477308,0.114779270957744,0.114779270957744,0.15,9
69,L,0.0837,9,0.113239927859636,0.112321369102884,0.114557693333626,0.114557693333626,0.15,9
70,H,0.0995,9,0.113363941523925,0.112737165568141,0.116087630843718,0.116087630843718,0.15,9
71,H,0.0995,9,0.112413445720222,0.110730880432996,0.113130849563723,0.113130849563723,0.15,9
72,H,0.0995,9,0.113150163150105,0.111810186882983,0.114730072031404,0.114730072031404,0.15,9
73,H,0.0995,9,0.128931204597117,0.128492184007919,0.131862269319196,0.131862269319196,0.15,9
74,L,0.0837,9,0.113303905097901,0.112536341852271,0.114836643320486,0.114836643320486,0.15,9
75,H,0.0995,9,0.120526226536579,0.120127769937797,0.123500950810127,0.123500950810127,0.15,9
76,H,0.0995,9,0.113151620759184,0.11181410360732,0.114952247995618,0.114952247995618,0.15,9
77,L,0.0837,9,0.11253366426095,0.111384611351319,0.11291467198772,0.11291467198772,0.15,9
78,L,0.0837,9,0.111996421402411,0.111135592379826,0.112128410159651,0.112128410159651,0.15,9
79,H,0.0995,9,0.131079266313412,0.130037168127166,0.133301523641918,0.133301523641918,0.15,9
80,L,0.0837,9,0.125698468205496,0.124645280021893,0.126786906414091,0.126786906414091,0.15,9
81,L,0.0837,9,0.113508255454166,0.112870522141864,0.115207067302986,0.115207067302986,0.15,9
82,L,0.0837,9,0.112243634701799,0.11122703524047,0.112467066318842,0.112467066318842,0.15,9
83,H,0.0995,9,0.127525225806465,0.127161903343954,0.130537472051674,0.130537472051674,0.15,9
84,L,0.0837,9,0.112328164632073,0.111266500791806,0.112591061800143,0.112591061800143,0.15,9
85,H,0.0995,9,0.112625062677654,0.110934972923307,0.113546559063195,0.113546559063195,0.15,9
86,H,0.0995,9,0.116793512669299,0.116061817598955,0.119396930531285,0.119396930531285,0.15,9
87,L,0.0837,9,0.118742261060545,0.117579173347935,0.119153807247273,0.119153807247273,0.15,9
88,L,0.0837,9,0.112977202587077,0.11180965041799,0.11378324937828,0.11378324937828,0.15,9
89,L,0.0837,9,0.113305340423003,0.112542101187752,0.114843837981048,0.114843837981048,0.15,9
90,H,0.0995,9,0.112954309998768,0.111388586816532,0.114329420372222,0.114329420372222,0.15,9
91,L,0.0837,9,0.118379130531927,0.117203817134426,0.119155263464367,0.119155263464367,0.15,9
92,L,0.0837,9,0.113335328090283,0.112677323110819,0.115009047570915,0.115009047570915,0.15,9
93,L,0.0837,9,0.11281106153911,0.111612950230273,0.113420408143543,0.113420408143543,0.15,9
94,H,0.0995,9,0.113354824590318,0.112662903025288,0.116004251358712,0.116004251358712,0.15,9
95,L,0.0837,9,0.132963685989286,0.132854420930821,0.1352495113548,0.1352495113548,0.15,9
96,L,0.0837,9,0.111742288029667,0.111071468110495,0.111810152518363,0.111810152518363,0.15,9
97,L,0.0837,9,0.11185705140539,0.111097163116952,0.111950610900195,0.111950610900195,0.15,9
98,L,0.0837,9,0.112107399959788,0.111172610207233,0.112276406544067,0.112276406544067,0.15,9
99,H,0.0995,9,0.111950353049412,0.110418276346466,0.112355152707853,0.112355152707853,0.15,9
100,L,0.0837,9,0.117077611439879,0.117435011262944,0.119832682746053,0.119832682746053,0.15,9
101,L,0.0837,9,0.113059641386093,0.111934109281008,0.113990147039762,0.113990147039762,0.15,9
102,L,0.0837,9,0.112429967007196,0.111320715961634,0.112747079344702,0.112747079344702,0.15,9
103,H,0.0995,9,0.113399968926575,0.113420485337715,0.116013042508214,0.116013042508214,0.15,9
104,H,0.0995,9,0.113060285038956,0.111594532260114,0.114641340892535,0.114641340892535,0.15,9
105,L,0.0837,9,0.111936920395031,0.111118153050619,0.112051469823254,0.112051469823254,0.15,9
106,L,0.0837,9,0.113397034149847,0.113234355616981,0.115627786134771,0.115627786134771,0.15,9
107,H,0.0995,9,0.113350188834666,0.112628381656331,0.115965094230063,0.115965094230063,0.15,9
108,L,0.0837,9,0.11275380770477,0.111557391056458,0.113307595135679,0.113307595135679,0.15,9
109,H,0.0995,9,0.112818898106381,0.111175454464601,0.113980876086236,0.113980876086236,0.15,9
110,H,0.0995,9,0.113050987270117,0.111574672090288,0.114612182950485,0.114612182950485,0.15,9
111,H,0.0995,9,0.11321299500095,0.111995406366122,0.11519492502343,0.11519492502343,0.15,9
112,L,0.0837,9,0.112803665962918,0.111605474149676,0.113405536486793,0.113405536486793,0.15,9
113,H,0.0995,9,0.114736017402475,0.11404529142471,0.117386819224079,0.117386819224079,0.15,9
114,L,0.0837,9,0.113104806734851,0.112013051673992,0.114114254781171,0.114114254781171,0.15,9
115,L,0.0837,9,0.112309697856618,0.111257472948532,0.112563567181482,0.112563567181482,0.15,9
116,L,0.0837,9,0.113288917097427,0.112479194013574,0.114764507481522,0.114764507481522,0.15,9
117,L,0.0837,9,0.113099285022858,0.112002913700178,0.114098595095406,0.114098595095406,0.15,9
118,H,0.0995,9,0.139831530217334,0.138572605530861,0.141752915138713,0.141752915138713,0.15,9
119,H,0.0995,9,0.113386059403166,0.112979382713373,0.11635196589476,0.11635196589476,0.15,9
120,L,0.0837,9,0.112626263645636,0.111450371503336,0.113073031524021,0.113073031524021,0.15,9
121,L,0.0837,9,0.113104849089498,0.112013130001417,0.114114375463243,0.114114375463243,0.15,9
122,H,0.0995,9,0.112886451852673,0.111276017390844,0.114148992778975,0.114148992778975,0.15,9
123,L,0.0837,9,0.12165377740288,0.121904262888166,0.124294719770233,0.124294719770233,0.15,9
124,H,0.0995,9,0.113320822622376,0.112443540501289,0.115750886840337,0.115750886840337,0.15,9
125,H,0.0995,9,0.113067304631031,0.111609791507016,0.114663619734093,0.114663619734093,0.15,9
126,L,0.0837,9,0.111211366746805,0.111008313225978,0.111216076352459,0.111216076352459,0.15,9
127,L,0.0837,9,0.119962038194709,0.118774552740365,0.120679789694949,0.120679789694949,0.15,9
128,H,0.0995,9,0.113296632368009,0.112320055729524,0.115603211798485,0.115603211798485,0.15,9
129,H,0.0995,9,0.112730181883845,0.111057607089359,0.113774312463384,0.113774312463384,0.15,9
130,H,0.0995,9,0.115306818738816,0.116260097748192,0.119695742176033,0.119695742176033,0.15,9
131,H,0.0995,9,0.113263644371868,0.112177280441351,0.115427448495172,0.115427448495172,0.15,9
132,H,0.0995,9,0.11324565651036,0.112108400710142,0.115340580892954,0.115340580892954,0.15,9
133,H,0.0995,9,0.113101357720381,0.111687315688595,0.114775197017888,0.114775197017888,0.15,9
134,H,0.0995,9,0.113160940639025,0.111839526314479,0.11498699058655,0.11498699058655,0.15,9
135,L,0.0837,9,0.113381493882023,0.113802604420575,0.115699108004018,0.115699108004018,0.15,9
136,H,0.0995,9,0.123723521087011,0.122730119758278,0.126008681040729,0.126008681040729,0.15,9
137,H,0.0995,9,0.112762251560696,0.111098531434857,0.113847306494624,0.113847306494624,0.15,9
138,H,0.0995,9,0.1131879131402,0.111917109778561,0.115091546563578,0.115091546563578,0.15,9
139,L,0.0837,9,0.121098869252857,0.120021105195785,0.121378311718592,0.121378311718592,0.15,9
140,L,0.0837,9,0.113367584809688,0.112874993820263,0.115238974999084,0.115238974999084,0.15,9
141,H,0.0995,9,0.113326318158544,0.114324718933873,0.116979439843096,0.116979439843096,0.15,9
142,L,0.0837,9,0.111861134428641,0.111098171913829,0.111955702720311,0.111955702720311,0.15,9
143,L,0.0837,9,0.113399669751331,0.113344066344549,0.11574013246347,0.11574013246347,0.15,9
144,L,0.0837,9,0.113121217781839,0.112044067920237,0.114161682074275,0.114161682074275,0.15,9
145,L,0.0837,9,0.127368540296476,0.126988499527576,0.129366826416241,0.129366826416241,0.15,9
146,L,0.0837,9,0.111959650496202,0.11112462702151,0.112080673895244,0.112080673895244,0.15,9
147,H,0.0995,9,0.113044693700717,0.111561448860184,0.114592666148713,0.114592666148713,0.15,9
148,L,0.0837,9,0.113177357505594,0.112161766488641,0.114335520365958,0.114335520365958,0.15,9
149,H,0.0995,9,0.113208420670247,0.114816646197061,0.116089292009399,0.116089292009399,0.15,9
150,L,0.0837,9,0.112986878963822,0.111823144381809,0.113806419718782,0.113806419718782,0.15,9
151,H,0.0995,9,0.112663523606296,0.110977936513324,0.11362798359188,0.11362798359188,0.15,9
152,L,0.0837,9,0.113036684139574,0.111897144564461,0.113930225076858,0.113930225076858,0.15,9
153,H,0.0995,9,0.112110633397511,0.110510147333144,0.112607304074898,0.112607304074898,0.15,9
154,L,0.0837,9,0.112966244989284,0.11179468762203,0.113757328984595,0.113757328984595,0.15,9
155,L,0.0837,9,0.112754159313665,0.111557716648244,0.113308272336359,0.113308272336359,0.15,9
156,H,0.0995,9,0.113187732222123,0.111916567911113,0.115090823777972,0.115090823777972,0.15,9
157,H,0.0995,9,0.11329029267066,0.112290648201208,0.115567464568981,0.115567464568981,0.15,9
158,H,0.0995,9,0.113138304041295,0.111778890463039,0.114903718127937,0.114903718127937,0.15,9
159,L,0.0837,9,0.111455414905612,0.111027179968906,0.11147899125354,0.11147899125354,0.15,9
160,L,0.0837,9,0.119003198712296,0.118170653501707,0.120447034187404,0.120447034187404,0.15,9
161,L,0.0837,9,0.115840306438961,0.1147236595813,0.116167587688569,0.116167587688569,0.15,9
162,H,0.0995,9,0.113120749024274,0.111734319526244,0.114841592167036,0.114841592167036,0.15,9
163,H,0.0995,9,0.113078814953735,0.111635327678013,0.114700666232077,0.114700666232077,0.15,9
164,L,0.0837,9,0.11310391565614,0.11201140578579,0.114111717814265,0.114111717814265,0.15,9
165,L,0.0837,9,0.112342193111948,0.111273517556161,0.112612107044319,0.112612107044319,0.15,9
166,L,0.0837,9,0.116579523220592,0.116528823525206,0.118924945893974,0.118924945893974,0.15,9
167,L,0.0837,9,0.113169897717978,0.112144954094972,0.114311248184741,0.114311248184741,0.15,9
168,L,0.0837,9,0.11332689009753,0.112635971184246,0.114959257651734,0.114959257651734,0.15,9
169,L,0.0837,9,0.11289757669477,0.111707879699927,0.113601852768385,0.113601852768385,0.15,9
170,L,0.0837,9,0.1133763259532,0.112947302759052,0.115320025081141,0.115320025081141,0.15,9
171,H,0.0995,9,0.1128360580258,0.111200030305163,0.11402261185125,0.11402261185125,0.15,9
172,L,0.0837,9,0.114907806881148,0.114650046577526,0.117038647852574,0.117038647852574,0.15,9
173,L,0.0837,9,0.113298765470972,0.112516149633752,0.11481131147511,0.11481131147511,0.15,9
174,L,0.0837,9,0.113244193465061,0.112333719431326,0.114574309267447,0.114574309267447,0.15,9
175,L,0.0837,9,0.11273763753958,0.111542614038481,0.113276647952591,0.113276647952591,0.15,9
176,H,0.0995,9,0.120953536314635,0.119558302825945,0.122659561581763,0.122659561581763,0.15,9
177,H,0.0995,9,0.126430750380926,0.124757317982843,0.127470531958334,0.127470531958334,0.15,9
178,L,0.0837,9,0.112772139782032,0.111574615854073,0.113343152010464,0.113343152010464,0.15,9
179,L,0.0837,9,0.112362335839272,0.111283838117527,0.112642570332934,0.112642570332934,0.15,9
180,H,0.0995,9,0.113241551727232,0.112093404151993,0.115321479549578,0.115321479549578,0.15,9
181,H,0.0995,9,0.112979646882964,0.111434113315049,0.114400283763302,0.114400283763302,0.15,9
182,H,0.0995,9,0.112775606088264,0.111116113493497,0.11387824308459,0.11387824308459,0.15,9
183,H,0.0995,9,0.112956508903078,0.11139245672169,0.114335489182409,0.114335489182409,0.15,9
184,L,0.0837,9,0.111781027526057,0.111079581740774,0.111857005644916,0.111857005644916,0.15,9
185,L,0.0837,9,0.113258349036525,0.11237640101354,0.114631146420965,0.114631146420965,0.15,9
186,H,0.0995,9,0.112655800102764,0.110969141246456,0.113611464819449,0.113611464819449,0.15,9
187,H,0.0995,9,0.112960121592696,0.111398847539737,0.114345492691257,0.114345492691257,0.15,9
188,L,0.0837,9,0.111816451139907,0.111087494026902,0.111900341544787,0.111900341544787,0.15,9
189,H,0.0995,9,0.11294125196097,0.111365910019462,0.114293685533122,0.114293685533122,0.15,9
190,L,0.0837,9,0.111920616944029,0.111113648994225,0.11203066231591,0.11203066231591,0.15,9
191,L,0.0837,9,0.113296883831413,0.112508918568463,0.114802198770289,0.114802198770289,0.15,9
192,H,0.0995,9,0.130634631257063,0.129789567083566,0.133103786703233,0.133103786703233,0.15,9
193,H,0.0995,9,0.136973642937878,0.13699402816707,0.140380525224586,0.140380525224586,0.15,9
194,H,0.0995,9,0.112706727100992,0.111028776883861,0.113722027468644,0.113722027468644,0.15,9
195,H,0.0995,9,0.112958864047595,0.111396618308115,0.114342005914122,0.114342005914122,0.15,9
196,H,0.0995,9,0.112617895661466,0.110927191998646,0.113531611120501,0.113531611120501,0.15,9
197,L,0.0837,9,0.113306046271913,0.112544953459531,0.114847396101727,0.114847396101727,0.15,9
198,L,0.0837,9,0.112847262508867,0.111650931118947,0.113494590001782,0.113494590001782,0.15,9
199,H,0.0995,9,0.131282338379647,0.132157552156461,0.135498659608968,0.135498659608968,0.15,9
200,H,0.0995,9,0.132184623048142,0.130923500237046,0.134102734163392,0.134102734163392,0.15,9
